sym,day,d_o,d_h,d_l,d_c,i_h,i_l,i_o,i_c
adanient,2026-08-18,3014.0,3036.0,3002.5,3002.5,3035.89990234375,3002.5,3013.699951171875,3002.5
adanient,2026-08-19,3012.699951171875,3019.0,2967.300048828125,2990.300048828125,3017.39990234375,2970.39990234375,3010.0,2990.300048828125
adanient,2026-08-20,3000.0,3011.0,2990.0,2994.89990234375,3011.0,2990.0,3004.0,2994.89990234375
adanient,2026-08-21,2995.0,3007.5,2981.0,2997.0,3007.5,2981.0,2996.300048828125,2997.0
adanient,2026-08-24,3010.0,3019.800048828125,2971.5,2998.60009765625,3019.0,2973.300048828125,3009.60009765625,2998.60009765625
adanient,2026-08-25,2998.0,3110.0,2962.5,3110.0,3110.0,2963.300048828125,2990.800048828125,3110.0
adanient,2026-08-26,3122.800048828125,3165.0,3092.800048828125,3112.0,3165.0,3092.800048828125,3116.199951171875,3112.0
adanient,2026-08-27,3125.0,3169.0,3125.0,3169.0,3169.0,3125.0,3125.0,3159.300048828125
adanient,2026-08-28,3170.0,3173.699951171875,3133.300048828125,3168.5,3172.89990234375,3133.300048828125,3162.10009765625,3168.5
adanient,2026-08-31,3165.0,3165.0,2859.10009765625,2859.10009765625,3148.10009765625,2859.10009765625,3148.10009765625,2859.10009765625
adanient,2026-09-01,2910.0,2942.5,2846.0,2863.89990234375,2942.39990234375,2846.0,2915.0,2863.89990234375
adanient,2026-09-02,2859.800048828125,2905.0,2830.5,2891.800048828125,2904.199951171875,2830.5,2854.0,2891.800048828125
adanient,2026-09-03,2905.0,2920.5,2885.199951171875,2901.0,2919.60009765625,2885.199951171875,2914.0,2901.0
adanient,2026-09-04,2900.0,2965.0,2882.800048828125,2938.0,2965.0,2882.800048828125,2895.10009765625,2938.0
adanient,2026-09-07,2940.0,2964.39990234375,2918.5,2950.0,2963.699951171875,2918.5,2933.300048828125,2950.0
adanient,2026-09-08,2933.0,2968.800048828125,2918.0,2953.10009765625,2967.0,2918.10009765625,2930.60009765625,2953.10009765625
adanient,2026-09-09,2959.89990234375,3142.0,2935.199951171875,3104.699951171875,3141.699951171875,2953.199951171875,2953.199951171875,3104.699951171875
adanient,2026-09-10,3114.5,3114.5,3041.10009765625,3077.199951171875,3114.0,3041.10009765625,3113.39990234375,3077.199951171875
adanient,2026-09-11,3040.0,3065.0,2999.0,3060.0,3064.89990234375,3000.0,3040.0,3060.0
adanient,2026-09-15,3080.0,3083.699951171875,2921.300048828125,2928.60009765625,3064.60009765625,2925.0,3062.199951171875,2928.60009765625
adanient,2026-09-16,2957.0,2972.89990234375,2914.300048828125,2920.0,2972.89990234375,2915.5,2955.0,2920.0
adanient,2026-09-17,2930.10009765625,2945.0,2907.0,2923.199951171875,2944.800048828125,2907.800048828125,2931.699951171875,2923.199951171875
adanient,2026-09-18,2933.0,3020.0,2924.60009765625,3020.0,3020.0,2927.699951171875,2936.5,3020.0
adanient,2026-09-21,2995.60009765625,3015.89990234375,2973.0,2975.0,3015.300048828125,2974.699951171875,2999.800048828125,2975.0
adanient,2026-09-22,2995.0,3026.10009765625,2979.60009765625,2997.0,3025.0,2979.800048828125,2995.0,2997.0
adanient,2026-09-23,3015.5,3023.89990234375,2978.199951171875,2993.199951171875,3023.89990234375,2980.699951171875,3007.39990234375,2993.199951171875
adanient,2026-09-24,2978.0,2978.0,2898.199951171875,2900.0,2974.60009765625,2898.199951171875,2974.60009765625,2900.0
adanient,2026-09-25,2920.0,2939.89990234375,2902.5,2916.5,2939.60009765625,2902.800048828125,2917.699951171875,2916.5
adanient,2026-09-28,2924.0,2924.0,2811.0,2831.10009765625,2920.10009765625,2811.60009765625,2920.10009765625,2831.10009765625
adanient,2026-09-29,2834.60009765625,2972.89990234375,2793.699951171875,2972.89990234375,2972.89990234375,2793.699951171875,2828.699951171875,2972.89990234375
adanient,2026-09-30,2910.0,2957.60009765625,2880.0,2903.39990234375,2957.60009765625,2880.10009765625,2905.10009765625,2903.39990234375
adanient,2026-10-01,2900.0,2903.699951171875,2772.0,2816.800048828125,2903.5,2772.10009765625,2890.0,2816.800048828125
adaniports,2026-08-18,1691.5999755859375,1693.699951171875,1667.0,1682.4000244140625,1693.699951171875,1667.0,1693.699951171875,1682.4000244140625
adaniports,2026-08-19,1684.0,1684.0,1667.0,1681.9000244140625,1683.0,1667.0999755859375,1683.0,1681.9000244140625
adaniports,2026-08-20,1690.0,1698.5,1680.4000244140625,1696.0,1698.5,1681.0999755859375,1686.800048828125,1696.0
adaniports,2026-08-21,1697.199951171875,1702.0,1684.9000244140625,1700.0,1701.0999755859375,1686.199951171875,1697.199951171875,1700.0
adaniports,2026-08-24,1700.0,1700.0,1672.0999755859375,1672.0999755859375,1696.800048828125,1672.0999755859375,1696.0999755859375,1672.0999755859375
adaniports,2026-08-25,1674.0,1702.699951171875,1671.0,1702.699951171875,1702.699951171875,1672.199951171875,1675.300048828125,1702.699951171875
adaniports,2026-08-26,1711.9000244140625,1719.699951171875,1690.5,1691.5,1718.5,1690.5999755859375,1710.5,1691.5
adaniports,2026-08-27,1703.0,1719.0,1691.199951171875,1714.0,1719.0,1691.4000244140625,1704.4000244140625,1714.0
adaniports,2026-08-28,1712.0,1723.9000244140625,1699.199951171875,1707.5,1723.199951171875,1700.0999755859375,1712.9000244140625,1707.5
adaniports,2026-08-31,1710.0,1711.4000244140625,1593.0999755859375,1593.0999755859375,1709.0999755859375,1593.0999755859375,1709.0999755859375,1593.0999755859375
adaniports,2026-09-01,1625.0,1655.5999755859375,1625.0,1647.5,1655.4000244140625,1628.300048828125,1633.199951171875,1647.5
adaniports,2026-09-02,1637.0999755859375,1676.699951171875,1632.0999755859375,1672.699951171875,1676.5,1634.0999755859375,1637.0999755859375,1672.699951171875
adaniports,2026-09-03,1694.9000244140625,1710.800048828125,1681.800048828125,1706.5,1710.699951171875,1689.4000244140625,1690.0,1706.5
adaniports,2026-09-04,1699.9000244140625,1716.9000244140625,1692.4000244140625,1707.300048828125,1716.5999755859375,1692.4000244140625,1705.699951171875,1707.300048828125
adaniports,2026-09-07,1714.0,1716.4000244140625,1685.9000244140625,1694.300048828125,1714.4000244140625,1688.5999755859375,1712.199951171875,1694.300048828125
adaniports,2026-09-08,1694.0,1713.0999755859375,1685.199951171875,1710.0,1713.0,1687.0,1693.5,1710.0
adaniports,2026-09-09,1719.0,1785.9000244140625,1706.0,1775.0,1785.5999755859375,1706.0,1706.0,1775.0
adaniports,2026-09-10,1779.9000244140625,1780.0,1750.4000244140625,1768.0,1776.5999755859375,1752.0999755859375,1776.5999755859375,1768.0
adaniports,2026-09-11,1755.0,1771.9000244140625,1750.800048828125,1764.5999755859375,1771.800048828125,1751.0999755859375,1756.0,1764.5999755859375
adaniports,2026-09-15,1791.4000244140625,1791.4000244140625,1713.800048828125,1713.800048828125,1779.5,1713.800048828125,1779.0999755859375,1713.800048828125
adaniports,2026-09-16,1722.9000244140625,1737.9000244140625,1707.0,1723.800048828125,1737.800048828125,1707.300048828125,1722.4000244140625,1723.800048828125
adaniports,2026-09-17,1731.0,1738.800048828125,1725.0999755859375,1738.300048828125,1738.800048828125,1726.0,1730.0,1738.300048828125
adaniports,2026-09-18,1748.0,1824.0,1744.0,1824.0,1824.0,1744.0999755859375,1750.5999755859375,1824.0
adaniports,2026-09-21,1793.699951171875,1796.800048828125,1766.699951171875,1787.0999755859375,1796.800048828125,1767.199951171875,1784.5,1787.0999755859375
adaniports,2026-09-22,1796.0,1812.699951171875,1786.0999755859375,1795.0,1812.0999755859373,1786.300048828125,1793.0,1795.0
adaniports,2026-09-23,1799.0,1810.0999755859373,1790.5,1807.300048828125,1808.800048828125,1791.5,1800.5,1807.300048828125
adaniports,2026-09-24,1802.4000244140625,1802.4000244140625,1775.0,1785.300048828125,1798.5,1776.0,1797.9000244140625,1785.300048828125
adaniports,2026-09-25,1791.800048828125,1800.5999755859375,1775.0,1788.0,1799.199951171875,1775.4000244140625,1790.9000244140625,1788.0
adaniports,2026-09-28,1788.0,1791.800048828125,1736.5999755859375,1743.699951171875,1791.800048828125,1736.800048828125,1791.800048828125,1743.699951171875
adaniports,2026-09-29,1755.199951171875,1822.0,1738.4000244140625,1822.0,1822.0,1738.5,1750.0,1822.0
adaniports,2026-09-30,1793.5,1803.199951171875,1775.4000244140625,1798.300048828125,1802.4000244140625,1775.4000244140625,1786.5999755859375,1798.300048828125
adaniports,2026-10-01,1786.0,1786.0,1716.0,1737.800048828125,1782.800048828125,1716.0999755859375,1778.300048828125,1737.800048828125
apollohosp,2026-08-18,8825.5,8907.0,8786.5,8817.0,8905.0,8787.0,8837.5,8817.0
apollohosp,2026-08-19,8817.0,8862.5,8695.5,8750.0,8861.0,8707.5,8802.0,8750.0
apollohosp,2026-08-20,8788.0,8788.0,8679.5,8735.0,8767.5,8680.0,8767.5,8735.0
apollohosp,2026-08-21,8727.0,8746.0,8638.0,8693.0,8743.0,8646.0,8724.5,8693.0
apollohosp,2026-08-24,8680.0,8702.0,8591.5,8702.0,8702.0,8596.5,8614.5,8702.0
apollohosp,2026-08-25,8663.0,8889.0,8640.0,8889.0,8889.0,8646.5,8654.5,8889.0
apollohosp,2026-08-26,8844.5,8868.0,8763.5,8766.5,8848.0,8764.0,8844.0,8766.5
apollohosp,2026-08-27,8849.0,8868.0,8758.5,8800.0,8859.0,8760.5,8831.0,8800.0
apollohosp,2026-08-28,8848.0,8905.0,8818.5,8838.5,8905.0,8826.0,8847.0,8838.5
apollohosp,2026-08-31,8850.0,8902.0,8813.0,8898.5,8902.0,8813.5,8850.0,8898.5
apollohosp,2026-09-01,8854.5,8867.5,8704.5,8755.0,8854.5,8707.0,8854.5,8755.0
apollohosp,2026-09-02,8680.0,8746.5,8640.0,8719.0,8745.5,8641.0,8727.5,8719.0
apollohosp,2026-09-03,8690.0,8785.5,8655.5,8692.0,8785.0,8658.5,8702.0,8692.0
apollohosp,2026-09-04,8702.5,8740.0,8641.0,8650.0,8727.0,8649.0,8712.5,8650.0
apollohosp,2026-09-07,8682.0,8840.5,8650.0,8760.0,8834.5,8651.0,8675.0,8760.0
apollohosp,2026-09-08,8761.5,8850.0,8745.0,8837.5,8850.0,8745.5,8772.5,8837.5
apollohosp,2026-09-09,8825.0,8974.5,8803.5,8967.0,8972.5,8808.5,8808.5,8967.0
apollohosp,2026-09-10,9000.0,9024.0,8875.0,8900.0,9021.0,8875.5,8985.0,8900.0
apollohosp,2026-09-11,8806.0,8950.0,8806.0,8836.0,8949.0,8806.0,8811.0,8836.0
apollohosp,2026-09-15,8937.0,8950.5,8714.0,8714.0,8927.0,8714.0,8910.0,8714.0
apollohosp,2026-09-16,8756.0,8792.5,8672.5,8696.5,8792.5,8675.0,8734.0,8696.5
apollohosp,2026-09-17,8707.0,8799.0,8686.5,8768.5,8799.0,8687.0,8705.5,8768.5
apollohosp,2026-09-18,8800.0,8944.5,8798.0,8944.5,8944.5,8800.5,8821.5,8944.5
apollohosp,2026-09-21,8889.0,8974.5,8826.5,8912.0,8974.5,8826.5,8861.0,8912.0
apollohosp,2026-09-22,8960.0,9000.0,8822.5,8835.5,8972.5,8822.5,8964.0,8835.5
apollohosp,2026-09-23,8875.0,9070.5,8865.0,9069.0,9069.0,8868.0,8891.5,9069.0
apollohosp,2026-09-24,9069.0,9069.0,8888.5,8888.5,9058.5,8888.5,9058.5,8888.5
apollohosp,2026-09-25,8891.0,8934.5,8821.5,8889.0,8923.5,8823.5,8900.0,8889.0
apollohosp,2026-09-28,8889.0,8902.5,8804.0,8860.0,8902.5,8804.5,8888.0,8860.0
apollohosp,2026-09-29,8885.0,8906.0,8657.5,8659.0,8904.5,8659.0,8885.0,8659.0
apollohosp,2026-09-30,8582.0,8659.0,8053.0,8165.5,8625.0,8055.0,8618.5,8165.5
apollohosp,2026-10-01,8090.0,8135.0,7910.0,8133.5,8133.5,7910.0,8101.5,8133.5
asianpaint,2026-08-18,2663.10009765625,2670.10009765625,2610.10009765625,2628.39990234375,2666.0,2610.5,2657.199951171875,2628.39990234375
asianpaint,2026-08-19,2625.0,2634.89990234375,2601.0,2630.800048828125,2633.199951171875,2601.0,2625.0,2630.800048828125
asianpaint,2026-08-20,2635.10009765625,2641.800048828125,2607.0,2625.199951171875,2640.39990234375,2607.10009765625,2635.199951171875,2625.199951171875
asianpaint,2026-08-21,2620.199951171875,2644.0,2615.5,2640.0,2644.0,2616.199951171875,2622.199951171875,2640.0
asianpaint,2026-08-24,2640.39990234375,2642.699951171875,2622.0,2640.800048828125,2641.0,2623.0,2641.0,2640.800048828125
asianpaint,2026-08-25,2631.0,2640.0,2605.199951171875,2639.800048828125,2640.0,2606.39990234375,2626.89990234375,2639.800048828125
asianpaint,2026-08-26,2660.89990234375,2678.699951171875,2626.5,2626.5,2674.5,2626.5,2669.39990234375,2626.5
asianpaint,2026-08-27,2637.89990234375,2655.89990234375,2627.89990234375,2631.0,2655.0,2628.0,2636.0,2631.0
asianpaint,2026-08-28,2645.0,2645.0,2583.800048828125,2608.699951171875,2637.800048828125,2586.0,2634.10009765625,2608.699951171875
asianpaint,2026-08-31,2590.0,2653.60009765625,2561.10009765625,2653.60009765625,2653.60009765625,2563.10009765625,2586.0,2653.60009765625
asianpaint,2026-09-01,2645.300048828125,2645.300048828125,2545.199951171875,2575.5,2624.10009765625,2552.800048828125,2617.10009765625,2575.5
asianpaint,2026-09-02,2548.0,2548.0,2510.699951171875,2527.5,2537.60009765625,2510.800048828125,2531.0,2527.5
asianpaint,2026-09-03,2530.0,2544.0,2515.10009765625,2541.60009765625,2544.0,2515.10009765625,2528.300048828125,2541.60009765625
asianpaint,2026-09-04,2540.0,2553.89990234375,2519.800048828125,2527.300048828125,2553.0,2520.0,2537.800048828125,2527.300048828125
asianpaint,2026-09-07,2511.10009765625,2523.5,2489.699951171875,2500.89990234375,2523.10009765625,2490.0,2516.0,2500.89990234375
asianpaint,2026-09-08,2499.0,2499.0,2474.10009765625,2481.60009765625,2499.0,2474.39990234375,2498.89990234375,2481.60009765625
asianpaint,2026-09-09,2459.10009765625,2489.0,2457.39990234375,2489.0,2489.0,2458.199951171875,2463.89990234375,2489.0
asianpaint,2026-09-10,2485.10009765625,2498.10009765625,2468.60009765625,2498.10009765625,2498.10009765625,2468.699951171875,2477.800048828125,2498.10009765625
asianpaint,2026-09-11,2453.199951171875,2472.5,2442.800048828125,2472.5,2472.5,2443.199951171875,2452.10009765625,2472.5
asianpaint,2026-09-15,2472.5,2473.0,2402.800048828125,2402.800048828125,2462.60009765625,2402.800048828125,2456.39990234375,2402.800048828125
asianpaint,2026-09-16,2405.10009765625,2444.5,2397.39990234375,2416.60009765625,2443.199951171875,2398.0,2406.0,2416.60009765625
asianpaint,2026-09-17,2424.0,2454.0,2421.0,2454.0,2454.0,2421.0,2435.0,2454.0
asianpaint,2026-09-18,2455.699951171875,2474.0,2438.0,2451.300048828125,2474.0,2438.10009765625,2456.0,2451.300048828125
asianpaint,2026-09-21,2450.0,2463.800048828125,2440.300048828125,2440.300048828125,2462.800048828125,2440.300048828125,2445.300048828125,2440.300048828125
asianpaint,2026-09-22,2475.10009765625,2475.10009765625,2435.60009765625,2448.5,2469.800048828125,2435.89990234375,2463.10009765625,2448.5
asianpaint,2026-09-23,2469.0,2471.89990234375,2448.199951171875,2455.0,2471.89990234375,2448.39990234375,2461.699951171875,2455.0
asianpaint,2026-09-24,2430.0,2437.800048828125,2391.0,2392.699951171875,2437.800048828125,2392.300048828125,2428.0,2392.699951171875
asianpaint,2026-09-25,2401.89990234375,2451.0,2397.0,2444.0,2450.0,2398.60009765625,2398.60009765625,2444.0
asianpaint,2026-09-28,2437.89990234375,2441.60009765625,2412.89990234375,2420.0,2436.699951171875,2414.300048828125,2436.699951171875,2420.0
asianpaint,2026-09-29,2417.5,2425.300048828125,2381.0,2415.0,2425.300048828125,2381.60009765625,2411.10009765625,2415.0
asianpaint,2026-09-30,2410.0,2430.5,2390.0,2402.60009765625,2430.300048828125,2390.0,2410.0,2402.60009765625
asianpaint,2026-10-01,2391.0,2420.0,2377.0,2407.0,2407.0,2377.0,2392.89990234375,2407.0
axisbank,2026-08-18,1223.9000244140625,1250.5,1223.4000244140625,1243.0,1249.9000244140625,1223.9000244140625,1223.9000244140625,1243.0
axisbank,2026-08-19,1243.0999755859375,1245.0,1224.0,1235.0,1242.0,1224.0999755859375,1242.0,1235.0
axisbank,2026-08-20,1237.5,1253.9000244140625,1236.199951171875,1251.0,1253.5,1237.0,1237.0,1251.0
axisbank,2026-08-21,1250.5999755859375,1256.4000244140625,1240.4000244140625,1245.800048828125,1256.199951171875,1240.4000244140625,1250.5999755859375,1245.800048828125
axisbank,2026-08-24,1245.800048828125,1248.699951171875,1231.800048828125,1236.0,1248.5999755859375,1232.199951171875,1246.199951171875,1236.0
axisbank,2026-08-25,1236.0999755859375,1240.5,1229.800048828125,1235.0,1240.4000244140625,1230.0,1236.0,1235.0
axisbank,2026-08-26,1240.0999755859375,1257.699951171875,1238.199951171875,1255.0,1257.699951171875,1240.0,1240.0,1255.0
axisbank,2026-08-27,1260.0,1268.699951171875,1251.4000244140625,1256.0,1268.5999755859375,1251.4000244140625,1256.300048828125,1256.0
axisbank,2026-08-28,1256.0,1265.4000244140625,1248.199951171875,1265.0,1265.4000244140625,1248.699951171875,1255.9000244140625,1265.0
axisbank,2026-08-31,1257.0,1300.0,1251.199951171875,1300.0,1300.0,1251.199951171875,1257.199951171875,1300.0
axisbank,2026-09-01,1274.9000244140625,1275.0999755859375,1255.0,1258.0,1275.0999755859375,1255.9000244140625,1267.4000244140625,1258.0
axisbank,2026-09-02,1254.5999755859375,1266.9000244140625,1250.0,1253.9000244140625,1266.800048828125,1250.0999755859375,1254.699951171875,1253.9000244140625
axisbank,2026-09-03,1265.0,1278.9000244140625,1260.199951171875,1267.0,1278.9000244140625,1262.699951171875,1263.4000244140625,1267.0
axisbank,2026-09-04,1270.300048828125,1280.699951171875,1262.0,1273.0,1280.5999755859375,1262.300048828125,1269.9000244140625,1273.0
axisbank,2026-09-07,1271.0,1271.9000244140625,1261.5999755859375,1266.0,1271.0,1262.0999755859375,1271.0,1266.0
axisbank,2026-09-08,1262.800048828125,1264.9000244140625,1239.5,1244.9000244140625,1260.199951171875,1239.5,1260.199951171875,1244.9000244140625
axisbank,2026-09-09,1236.0,1257.4000244140625,1234.699951171875,1238.5,1257.4000244140625,1234.800048828125,1238.800048828125,1238.5
axisbank,2026-09-10,1242.0999755859375,1255.199951171875,1240.4000244140625,1246.0,1255.199951171875,1242.0,1244.5,1246.0
axisbank,2026-09-11,1237.9000244140625,1252.800048828125,1229.800048828125,1246.0,1252.800048828125,1229.9000244140625,1230.0999755859375,1246.0
axisbank,2026-09-15,1254.0,1254.0,1219.9000244140625,1222.9000244140625,1253.199951171875,1220.0,1253.199951171875,1222.9000244140625
axisbank,2026-09-16,1230.0,1252.5,1223.699951171875,1241.0,1252.5,1224.0,1228.4000244140625,1241.0
axisbank,2026-09-17,1238.0,1257.5999755859375,1233.0,1240.0,1257.5,1235.0,1236.0,1240.0
axisbank,2026-09-18,1244.0,1257.0,1240.5,1257.0,1257.0,1240.5,1244.0,1257.0
axisbank,2026-09-21,1248.0,1254.300048828125,1242.0,1250.0,1254.300048828125,1242.0,1246.0,1250.0
axisbank,2026-09-22,1245.199951171875,1255.5999755859375,1240.0999755859375,1242.699951171875,1255.199951171875,1240.5,1244.800048828125,1242.699951171875
axisbank,2026-09-23,1242.199951171875,1252.0,1238.9000244140625,1243.199951171875,1252.0,1240.5,1242.5,1243.199951171875
axisbank,2026-09-24,1225.199951171875,1225.199951171875,1175.0,1186.5,1217.699951171875,1175.0999755859375,1215.0,1186.5
axisbank,2026-09-25,1191.5,1225.0,1191.5,1222.4000244140625,1224.5,1191.699951171875,1192.9000244140625,1222.4000244140625
axisbank,2026-09-28,1211.5,1217.800048828125,1205.0,1209.9000244140625,1217.5,1205.0,1210.199951171875,1209.9000244140625
axisbank,2026-09-29,1202.0,1212.0999755859375,1190.5,1212.0999755859375,1212.0999755859375,1190.5,1206.0,1212.0999755859375
axisbank,2026-09-30,1201.0999755859375,1237.0999755859375,1201.0999755859375,1226.0,1237.0999755859375,1202.699951171875,1203.0,1226.0
axisbank,2026-10-01,1219.0999755859375,1241.5999755859375,1215.300048828125,1217.0999755859375,1241.5,1215.4000244140625,1224.5999755859375,1217.0999755859375
bajajauto,2026-08-18,11700.0,11768.0,11581.0,11607.0,11766.0,11590.0,11714.0,11607.0
bajajauto,2026-08-19,11607.0,11722.0,11534.0,11645.0,11720.0,11534.0,11605.0,11645.0
bajajauto,2026-08-20,11700.0,11793.0,11620.0,11793.0,11793.0,11622.0,11648.0,11793.0
bajajauto,2026-08-21,11790.0,11790.0,11660.0,11700.0,11787.0,11660.0,11758.0,11700.0
bajajauto,2026-08-24,11735.0,11838.0,11711.0,11800.0,11838.0,11731.0,11751.0,11800.0
bajajauto,2026-08-25,11800.0,11927.0,11722.0,11927.0,11927.0,11722.0,11794.0,11927.0
bajajauto,2026-08-26,11910.0,11924.0,11724.0,11724.0,11924.0,11724.0,11898.0,11724.0
bajajauto,2026-08-27,11750.0,11822.0,11618.0,11720.0,11819.0,11618.0,11796.0,11720.0
bajajauto,2026-08-28,11810.0,11974.0,11769.0,11910.0,11974.0,11771.0,11811.0,11910.0
bajajauto,2026-08-31,11910.0,12130.0,11877.0,12130.0,12130.0,11904.0,11904.0,12130.0
bajajauto,2026-09-01,12180.0,12470.0,12090.0,12361.0,12469.0,12100.0,12166.0,12361.0
bajajauto,2026-09-02,12211.0,12275.0,11925.0,12130.0,12258.0,11925.0,12242.0,12130.0
bajajauto,2026-09-03,12191.0,12191.0,11920.0,11920.0,12165.0,11920.0,12115.0,11920.0
bajajauto,2026-09-04,12005.0,12025.0,11873.0,11919.0,12022.0,11875.0,11965.0,11919.0
bajajauto,2026-09-07,11810.0,11860.0,11727.0,11800.0,11848.0,11738.0,11848.0,11800.0
bajajauto,2026-09-08,11727.0,11883.0,11716.0,11880.0,11880.0,11716.0,11762.0,11880.0
bajajauto,2026-09-09,11841.0,11896.0,11740.0,11790.0,11893.0,11740.0,11850.0,11790.0
bajajauto,2026-09-10,11771.0,11820.0,11673.0,11768.0,11818.0,11675.0,11791.0,11768.0
bajajauto,2026-09-11,11624.0,11723.0,11529.0,11678.0,11723.0,11530.0,11640.0,11678.0
bajajauto,2026-09-15,11693.0,11709.0,11416.0,11424.0,11700.0,11416.0,11692.0,11424.0
bajajauto,2026-09-16,11425.0,11596.0,11379.0,11593.0,11593.0,11381.0,11427.0,11593.0
bajajauto,2026-09-17,11568.0,11576.0,11435.0,11500.0,11576.0,11436.0,11536.0,11500.0
bajajauto,2026-09-18,11501.0,11540.0,11406.0,11414.0,11531.0,11414.0,11531.0,11414.0
bajajauto,2026-09-21,11470.0,11533.0,11450.0,11460.0,11533.0,11451.0,11470.0,11460.0
bajajauto,2026-09-22,11460.0,11515.0,11281.0,11363.0,11490.0,11282.0,11490.0,11363.0
bajajauto,2026-09-23,11363.0,11425.0,11293.0,11400.0,11425.0,11293.0,11371.0,11400.0
bajajauto,2026-09-24,11341.0,11383.0,11201.0,11208.0,11373.0,11202.0,11340.0,11208.0
bajajauto,2026-09-25,11245.0,11332.0,11212.0,11281.0,11329.0,11219.0,11231.0,11281.0
bajajauto,2026-09-28,11250.0,11270.0,10953.0,11024.0,11254.0,10956.0,11231.0,11024.0
bajajauto,2026-09-29,11016.0,11020.0,10805.0,10811.0,11015.0,10808.0,11015.0,10811.0
bajajauto,2026-09-30,10779.0,10953.0,10779.0,10874.0,10953.0,10780.0,10815.0,10874.0
bajajauto,2026-10-01,10701.0,10714.0,9900.0,10045.0,10621.0,9900.0,10621.0,10045.0
bajajfinsv,2026-08-18,1998.4000244140625,2018.800048828125,1998.0,2011.199951171875,2016.800048828125,1998.0,2008.0,2011.199951171875
bajajfinsv,2026-08-19,2002.0999755859373,2013.0,1985.0,2012.0,2013.0,1985.0999755859373,2002.199951171875,2012.0
bajajfinsv,2026-08-20,2020.0,2030.0999755859373,2013.0,2016.0,2030.0,2013.0,2019.300048828125,2016.0
bajajfinsv,2026-08-21,2009.0,2032.5,2005.0,2032.5,2032.5,2011.0999755859373,2013.9000244140625,2032.5
bajajfinsv,2026-08-24,2020.0,2028.5999755859373,1995.300048828125,2001.699951171875,2028.300048828125,1996.199951171875,2021.0,2001.699951171875
bajajfinsv,2026-08-25,2004.9000244140625,2011.699951171875,1985.0,2004.0,2010.0,1985.4000244140625,1996.0,2004.0
bajajfinsv,2026-08-26,2017.0,2024.9000244140625,2005.5,2010.0,2024.9000244140625,2005.5,2020.800048828125,2010.0
bajajfinsv,2026-08-27,2001.0999755859373,2026.5999755859373,1997.5,2011.0,2025.5999755859373,1997.5,2007.5999755859373,2011.0
bajajfinsv,2026-08-28,2011.0,2014.699951171875,1982.300048828125,2002.0,2007.300048828125,1982.4000244140625,2007.300048828125,2002.0
bajajfinsv,2026-08-31,1985.5999755859373,2021.0,1968.0,2021.0,2021.0,1968.0,1985.9000244140625,2021.0
bajajfinsv,2026-09-01,1998.699951171875,2004.0999755859373,1960.0999755859373,1972.0,1998.699951171875,1960.199951171875,1998.699951171875,1972.0
bajajfinsv,2026-09-02,1951.5,1990.0,1939.199951171875,1990.0,1990.0,1939.800048828125,1950.199951171875,1990.0
bajajfinsv,2026-09-03,1998.0,1998.0,1970.0,1992.0999755859373,1994.0,1970.0,1992.5,1992.0999755859373
bajajfinsv,2026-09-04,1985.0,1994.199951171875,1970.0,1970.0,1994.199951171875,1970.0,1982.0,1970.0
bajajfinsv,2026-09-07,1968.0,1973.0,1938.5999755859373,1938.5999755859373,1971.699951171875,1938.5999755859373,1968.0,1938.5999755859373
bajajfinsv,2026-09-08,1938.5999755859373,1951.9000244140625,1933.0,1938.0999755859373,1951.4000244140625,1933.5999755859373,1942.0999755859373,1938.0999755859373
bajajfinsv,2026-09-09,1939.0999755859373,1951.9000244140625,1921.5,1927.0,1951.9000244140625,1925.0,1937.0,1927.0
bajajfinsv,2026-09-10,1932.9000244140625,1942.699951171875,1921.0999755859373,1940.5,1941.4000244140625,1921.0999755859373,1936.4000244140625,1940.5
bajajfinsv,2026-09-11,1912.0999755859373,1926.0,1895.0,1913.5,1926.0,1895.4000244140625,1916.5,1913.5
bajajfinsv,2026-09-15,1921.4000244140625,1930.5999755859373,1855.5,1855.5,1927.300048828125,1855.5,1927.300048828125,1855.5
bajajfinsv,2026-09-16,1864.0,1874.800048828125,1832.9000244140625,1837.0,1872.800048828125,1834.0,1864.0,1837.0
bajajfinsv,2026-09-17,1837.0,1863.0,1832.0999755859373,1859.199951171875,1862.9000244140625,1832.5,1838.4000244140625,1859.199951171875
bajajfinsv,2026-09-18,1857.199951171875,1872.5999755859373,1852.5,1852.5,1871.199951171875,1852.5,1855.0,1852.5
bajajfinsv,2026-09-21,1860.199951171875,1864.0,1849.199951171875,1849.800048828125,1864.0,1849.199951171875,1863.199951171875,1849.800048828125
bajajfinsv,2026-09-22,1862.699951171875,1863.0,1823.4000244140625,1823.4000244140625,1862.0,1823.4000244140625,1858.0,1823.4000244140625
bajajfinsv,2026-09-23,1825.0,1864.800048828125,1825.0,1846.5,1864.800048828125,1838.300048828125,1852.5,1846.5
bajajfinsv,2026-09-24,1818.0,1818.0,1760.9000244140625,1762.300048828125,1817.699951171875,1761.5,1817.699951171875,1762.300048828125
bajajfinsv,2026-09-25,1774.0,1778.0999755859375,1755.0,1771.0,1778.0,1756.4000244140625,1763.0,1771.0
bajajfinsv,2026-09-28,1767.0,1769.0,1739.0999755859375,1752.0,1768.800048828125,1739.699951171875,1768.800048828125,1752.0
bajajfinsv,2026-09-29,1758.800048828125,1758.800048828125,1730.0,1742.4000244140625,1756.0,1730.0999755859375,1755.0,1742.4000244140625
bajajfinsv,2026-09-30,1742.4000244140625,1748.0,1702.0999755859375,1731.0,1748.0,1702.4000244140625,1743.4000244140625,1731.0
bajajfinsv,2026-10-01,1723.0,1734.9000244140625,1703.4000244140625,1732.5999755859375,1734.699951171875,1703.5999755859375,1720.0,1732.5999755859375
bajfinance,2026-08-18,1088.5999755859375,1100.0,1087.5999755859375,1094.300048828125,1100.0,1089.0,1089.0,1094.300048828125
bajfinance,2026-08-19,1093.9000244140625,1093.9000244140625,1076.4000244140625,1080.199951171875,1092.0999755859375,1076.4000244140625,1092.0999755859375,1080.199951171875
bajfinance,2026-08-20,1089.699951171875,1102.300048828125,1086.300048828125,1095.0,1102.199951171875,1089.4000244140625,1089.4000244140625,1095.0
bajfinance,2026-08-21,1105.4000244140625,1105.5,1090.5999755859375,1095.0,1101.4000244140625,1091.5999755859375,1101.4000244140625,1095.0
bajfinance,2026-08-24,1086.0,1094.9000244140625,1076.9000244140625,1077.0,1094.800048828125,1077.0,1089.0,1077.0
bajfinance,2026-08-25,1077.0,1087.4000244140625,1066.300048828125,1087.4000244140625,1087.4000244140625,1067.300048828125,1071.0,1087.4000244140625
bajfinance,2026-08-26,1083.300048828125,1095.0,1082.4000244140625,1085.0,1095.0,1084.0,1084.699951171875,1085.0
bajfinance,2026-08-27,1090.0,1107.0,1083.0,1083.0,1106.0999755859375,1083.0,1098.800048828125,1083.0
bajfinance,2026-08-28,1065.699951171875,1081.5,1065.699951171875,1079.9000244140625,1081.5,1066.0999755859375,1072.0,1079.9000244140625
bajfinance,2026-08-31,1069.4000244140625,1073.0,1052.0,1057.0,1070.300048828125,1052.0,1070.300048828125,1057.0
bajfinance,2026-09-01,1065.0,1067.0,1047.0,1053.9000244140625,1064.9000244140625,1047.0,1064.5999755859375,1053.9000244140625
bajfinance,2026-09-02,1044.199951171875,1061.0,1034.800048828125,1055.9000244140625,1061.0,1035.0,1043.5,1055.9000244140625
bajfinance,2026-09-03,1057.0999755859375,1059.699951171875,1043.199951171875,1049.0,1058.9000244140625,1043.199951171875,1058.0,1049.0
bajfinance,2026-09-04,1050.5999755859375,1063.5999755859375,1049.699951171875,1060.5,1063.5999755859375,1049.800048828125,1051.0999755859375,1060.5
bajfinance,2026-09-07,1064.0,1070.0,1054.300048828125,1060.0,1069.9000244140625,1055.300048828125,1066.0,1060.0
bajfinance,2026-09-08,1058.800048828125,1059.5999755859375,1050.0,1054.0999755859375,1058.9000244140625,1050.0,1058.5,1054.0999755859375
bajfinance,2026-09-09,1045.0999755859375,1060.0999755859375,1038.5,1039.300048828125,1059.800048828125,1038.800048828125,1047.4000244140625,1039.300048828125
bajfinance,2026-09-10,1042.5,1048.699951171875,1036.5,1043.5,1048.699951171875,1036.800048828125,1042.5999755859375,1043.5
bajfinance,2026-09-11,1031.0,1035.0,1015.0999755859376,1034.5,1035.0,1015.0999755859376,1027.5,1034.5
bajfinance,2026-09-15,1035.0,1038.5999755859375,1005.5,1009.2000122070312,1037.699951171875,1005.5,1036.0999755859375,1009.2000122070312
bajfinance,2026-09-16,1010.5,1019.2999877929688,1006.2000122070312,1006.2000122070312,1019.0999755859376,1006.2000122070312,1010.4000244140624,1006.2000122070312
bajfinance,2026-09-17,1010.0,1027.9000244140625,1010.0,1015.0,1027.800048828125,1010.0,1010.0,1015.0
bajfinance,2026-09-18,1025.9000244140625,1040.300048828125,1019.0999755859376,1040.300048828125,1040.300048828125,1019.2999877929688,1028.199951171875,1040.300048828125
bajfinance,2026-09-21,1035.0,1037.699951171875,1021.2999877929688,1021.2999877929688,1036.0,1021.2999877929688,1035.4000244140625,1021.2999877929688
bajfinance,2026-09-22,1025.300048828125,1029.199951171875,1005.0,1008.7999877929688,1029.0,1005.0999755859376,1025.0,1008.7999877929688
bajfinance,2026-09-23,1034.699951171875,1043.199951171875,1022.0,1043.199951171875,1043.199951171875,1022.5999755859376,1030.0999755859375,1043.199951171875
bajfinance,2026-09-24,1005.0,1015.0,974.0,982.0,1012.0,974.0,1012.0,982.0
bajfinance,2026-09-25,982.0,997.2000122070312,980.2000122070312,996.9000244140624,997.2000122070312,981.4000244140624,982.9000244140624,996.9000244140624
bajfinance,2026-09-28,990.0,992.2999877929688,974.0,985.0,992.0,974.5999755859376,992.0,985.0
bajfinance,2026-09-29,977.5,979.7000122070312,961.4000244140624,973.7999877929688,979.0999755859376,961.4000244140624,977.0999755859376,973.7999877929688
bajfinance,2026-09-30,981.5,981.5,955.7999877929688,959.4000244140624,978.0999755859376,955.7999877929688,977.0999755859376,959.4000244140624
bajfinance,2026-10-01,953.9000244140624,955.9500122070312,937.2999877929688,948.2999877929688,955.75,938.0,954.5999755859376,948.2999877929688
bel,2026-08-18,412.7000122070313,416.3500061035156,410.9500122070313,412.0,416.25,411.25,411.7999877929688,412.0
bel,2026-08-19,412.0,412.75,406.3999938964844,409.2000122070313,412.6000061035156,406.4500122070313,412.6000061035156,409.2000122070313
bel,2026-08-20,411.7999877929688,412.2000122070313,406.2999877929688,409.3999938964844,412.1000061035156,406.7999877929688,411.8500061035156,409.3999938964844
bel,2026-08-21,413.4500122070313,415.9500122070313,408.6499938964844,414.0,415.9500122070313,409.2999877929688,410.0,414.0
bel,2026-08-24,414.2999877929688,414.6000061035156,405.5499877929688,409.0,414.2999877929688,405.5499877929688,414.2999877929688,409.0
bel,2026-08-25,407.0,413.25,405.9500122070313,413.25,413.25,405.9500122070313,407.9500122070313,413.25
bel,2026-08-26,411.75,412.2999877929688,406.8999938964844,406.8999938964844,412.2999877929688,406.8999938964844,412.2999877929688,406.8999938964844
bel,2026-08-27,410.7999877929688,412.8999938964844,408.0,411.0,412.8500061035156,408.1499938964844,410.7999877929688,411.0
bel,2026-08-28,410.8500061035156,411.8999938964844,407.25,411.8999938964844,411.8999938964844,407.2999877929688,410.25,411.8999938964844
bel,2026-08-31,411.4500122070313,414.4500122070313,406.2999877929688,414.4500122070313,414.4500122070313,406.3500061035156,410.75,414.4500122070313
bel,2026-09-01,414.4500122070313,414.4500122070313,409.3500061035156,411.2000122070313,413.75,409.3500061035156,412.6000061035156,411.2000122070313
bel,2026-09-02,407.5,408.0,402.8999938964844,405.75,407.3999938964844,402.8999938964844,407.25,405.75
bel,2026-09-03,406.0499877929688,410.2999877929688,405.1499938964844,408.6000061035156,410.2999877929688,405.2000122070313,406.6000061035156,408.6000061035156
bel,2026-09-04,409.25,413.1000061035156,405.3500061035156,405.3500061035156,413.0,405.3500061035156,408.8999938964844,405.3500061035156
bel,2026-09-07,406.3500061035156,409.25,404.0,404.0,409.1000061035156,404.0,407.3500061035156,404.0
bel,2026-09-08,408.0,416.0,406.5,410.5499877929688,416.0,406.5,407.5,410.5499877929688
bel,2026-09-09,411.5499877929688,413.8500061035156,406.0,406.0,413.7999877929688,406.0,412.0,406.0
bel,2026-09-10,407.0,407.2000122070313,402.0,405.0,407.0499877929688,402.0,407.0499877929688,405.0
bel,2026-09-11,402.6000061035156,405.3999938964844,399.25,404.3500061035156,405.2999877929688,399.75,400.8500061035156,404.3500061035156
bel,2026-09-15,402.0,403.6499938964844,382.8999938964844,382.8999938964844,403.25,382.8999938964844,403.25,382.8999938964844
bel,2026-09-16,384.0499877929688,390.2000122070313,382.1000061035156,385.75,390.2000122070313,382.2000122070313,384.3999938964844,385.75
bel,2026-09-17,387.0,395.8999938964844,387.0,395.4500122070313,395.8999938964844,387.0,387.0,395.4500122070313
bel,2026-09-18,397.3999938964844,399.2000122070313,393.2999877929688,393.2999877929688,399.2000122070313,393.2999877929688,398.2000122070313,393.2999877929688
bel,2026-09-21,394.3500061035156,399.1499938964844,393.1000061035156,398.5,399.1499938964844,393.1000061035156,395.0499877929688,398.5
bel,2026-09-22,398.5,400.6499938964844,395.7999877929688,397.8999938964844,400.3999938964844,395.8999938964844,399.3500061035156,397.8999938964844
bel,2026-09-23,397.8999938964844,399.5,395.6000061035156,396.0499877929688,399.5,395.7000122070313,397.1499938964844,396.0499877929688
bel,2026-09-24,394.0,398.0499877929688,392.0,392.0,398.0,392.0,394.0499877929688,392.0
bel,2026-09-25,392.0,394.5499877929688,388.6000061035156,393.5499877929688,394.3500061035156,388.6000061035156,392.5499877929688,393.5499877929688
bel,2026-09-28,393.4500122070313,393.4500122070313,384.1000061035156,385.5,393.1000061035156,384.1499938964844,393.0,385.5
bel,2026-09-29,385.5,388.0,382.2000122070313,387.75,388.0,382.25,385.3500061035156,387.75
bel,2026-09-30,386.3999938964844,391.0,385.0,388.2999877929688,390.9500122070313,385.3500061035156,386.0,388.2999877929688
bel,2026-10-01,385.2000122070313,386.1499938964844,378.6499938964844,383.1000061035156,385.25,378.6499938964844,385.25,383.1000061035156
bhartiartl,2026-08-18,1956.699951171875,1959.699951171875,1923.199951171875,1934.199951171875,1958.0999755859373,1934.199951171875,1958.0999755859373,1934.199951171875
bhartiartl,2026-08-19,1924.800048828125,1941.800048828125,1922.0,1922.0,1941.5,1922.0,1927.300048828125,1922.0
bhartiartl,2026-08-20,1944.0,1952.199951171875,1933.0,1941.699951171875,1952.0,1933.4000244140625,1938.199951171875,1941.699951171875
bhartiartl,2026-08-21,1950.0,1954.9000244140625,1940.5,1946.0,1954.9000244140625,1940.800048828125,1949.5,1946.0
bhartiartl,2026-08-24,1950.0,1952.5,1932.5,1935.0,1949.800048828125,1932.5,1949.800048828125,1935.0
bhartiartl,2026-08-25,1926.0,1947.0,1923.4000244140625,1947.0,1947.0,1924.0999755859373,1933.0999755859373,1947.0
bhartiartl,2026-08-26,1933.5,1942.9000244140625,1902.0999755859373,1902.0999755859373,1942.5,1902.0999755859373,1937.300048828125,1902.0999755859373
bhartiartl,2026-08-27,1915.0,1915.0,1878.300048828125,1878.300048828125,1913.0999755859373,1878.300048828125,1911.0,1878.300048828125
bhartiartl,2026-08-28,1875.699951171875,1894.300048828125,1867.5999755859373,1882.4000244140625,1893.699951171875,1867.5999755859373,1884.0,1882.4000244140625
bhartiartl,2026-08-31,1880.0,1895.5,1811.9000244140625,1811.9000244140625,1895.5,1811.9000244140625,1878.5999755859373,1811.9000244140625
bhartiartl,2026-09-01,1852.0,1877.199951171875,1848.5,1877.199951171875,1877.199951171875,1851.0999755859373,1852.9000244140625,1877.199951171875
bhartiartl,2026-09-02,1869.0,1873.0,1854.9000244140625,1862.800048828125,1872.800048828125,1855.0,1869.0,1862.800048828125
bhartiartl,2026-09-03,1855.5999755859373,1869.0,1855.5999755859373,1869.0,1869.0,1859.0999755859373,1860.0,1869.0
bhartiartl,2026-09-04,1868.0999755859373,1870.699951171875,1840.0,1840.0,1870.4000244140625,1840.0,1868.199951171875,1840.0
bhartiartl,2026-09-07,1845.0,1855.5,1830.4000244140625,1854.0,1854.0,1830.5,1844.9000244140625,1854.0
bhartiartl,2026-09-08,1846.199951171875,1848.800048828125,1829.0,1844.0,1844.0,1830.0,1844.0,1844.0
bhartiartl,2026-09-09,1830.5,1834.800048828125,1813.0,1814.699951171875,1834.5999755859373,1813.0999755859373,1834.5999755859373,1814.699951171875
bhartiartl,2026-09-10,1815.0999755859373,1849.0,1814.0,1839.0,1849.0,1814.199951171875,1817.5,1839.0
bhartiartl,2026-09-11,1832.0,1852.0,1830.5,1831.0999755859373,1852.0,1831.0999755859373,1832.0,1831.0999755859373
bhartiartl,2026-09-15,1844.0,1844.0,1819.5999755859373,1830.4000244140625,1842.0999755859373,1819.699951171875,1842.0999755859373,1830.4000244140625
bhartiartl,2026-09-16,1835.800048828125,1838.0,1818.5999755859373,1835.0,1838.0,1818.699951171875,1834.4000244140625,1835.0
bhartiartl,2026-09-17,1841.800048828125,1845.9000244140625,1827.5999755859373,1836.0,1845.199951171875,1827.5999755859373,1841.800048828125,1836.0
bhartiartl,2026-09-18,1843.0,1893.300048828125,1835.300048828125,1893.300048828125,1893.300048828125,1835.800048828125,1841.0999755859373,1893.300048828125
bhartiartl,2026-09-21,1854.800048828125,1854.800048828125,1822.0,1830.199951171875,1853.800048828125,1823.300048828125,1848.9000244140625,1830.199951171875
bhartiartl,2026-09-22,1833.9000244140625,1836.300048828125,1813.0,1817.199951171875,1836.300048828125,1813.0,1832.0999755859373,1817.199951171875
bhartiartl,2026-09-23,1818.0999755859373,1836.699951171875,1818.0,1833.199951171875,1833.4000244140625,1818.0999755859373,1822.199951171875,1833.199951171875
bhartiartl,2026-09-24,1829.699951171875,1829.9000244140625,1795.800048828125,1795.800048828125,1828.300048828125,1795.800048828125,1826.9000244140625,1795.800048828125
bhartiartl,2026-09-25,1794.0,1801.699951171875,1785.0,1785.4000244140625,1801.5,1785.0999755859375,1797.0999755859375,1785.4000244140625
bhartiartl,2026-09-28,1772.0,1784.300048828125,1763.699951171875,1771.4000244140625,1784.300048828125,1763.699951171875,1774.800048828125,1771.4000244140625
bhartiartl,2026-09-29,1764.0,1787.5,1762.0,1771.199951171875,1787.4000244140625,1762.0,1764.0999755859375,1771.199951171875
bhartiartl,2026-09-30,1775.199951171875,1779.5,1753.699951171875,1757.0,1779.300048828125,1754.0999755859375,1776.0,1757.0
bhartiartl,2026-10-01,1745.0,1765.800048828125,1726.300048828125,1741.0999755859375,1765.0999755859375,1726.300048828125,1746.0,1741.0999755859375
cipla,2026-08-18,1431.5,1437.5999755859375,1428.4000244140625,1431.0999755859375,1437.0999755859375,1429.0999755859375,1430.9000244140625,1431.0999755859375
cipla,2026-08-19,1429.0,1435.0999755859375,1415.4000244140625,1422.0,1430.699951171875,1415.5,1422.4000244140625,1422.0
cipla,2026-08-20,1430.0,1439.4000244140625,1427.5,1438.0,1439.4000244140625,1427.699951171875,1430.0,1438.0
cipla,2026-08-21,1433.4000244140625,1443.5999755859375,1408.5999755859375,1432.199951171875,1442.300048828125,1409.9000244140625,1437.5,1432.199951171875
cipla,2026-08-24,1428.0,1442.300048828125,1410.300048828125,1437.9000244140625,1441.0999755859375,1410.4000244140625,1425.0,1437.9000244140625
cipla,2026-08-25,1435.9000244140625,1435.9000244140625,1411.0999755859375,1422.0,1432.0999755859375,1411.5,1432.0999755859375,1422.0
cipla,2026-08-26,1413.5,1419.4000244140625,1401.0999755859375,1402.699951171875,1418.9000244140625,1401.4000244140625,1414.0,1402.699951171875
cipla,2026-08-27,1405.0,1420.0,1402.0999755859375,1420.0,1420.0,1402.0999755859375,1407.300048828125,1420.0
cipla,2026-08-28,1420.0,1423.9000244140625,1409.0999755859375,1423.5,1423.5,1409.5,1420.5999755859375,1423.5
cipla,2026-08-31,1418.0,1426.0999755859375,1409.199951171875,1409.199951171875,1426.0,1409.199951171875,1418.0999755859375,1409.199951171875
cipla,2026-09-01,1420.9000244140625,1425.699951171875,1406.5,1423.0,1424.300048828125,1406.5,1420.9000244140625,1423.0
cipla,2026-09-02,1414.0,1417.0,1401.199951171875,1412.800048828125,1416.699951171875,1401.800048828125,1407.699951171875,1412.800048828125
cipla,2026-09-03,1414.0,1415.4000244140625,1389.4000244140625,1394.699951171875,1415.4000244140625,1389.800048828125,1412.0,1394.699951171875
cipla,2026-09-04,1397.699951171875,1399.0999755859375,1375.5,1385.0,1396.5,1375.699951171875,1394.699951171875,1385.0
cipla,2026-09-07,1380.0,1395.699951171875,1376.800048828125,1395.0,1395.699951171875,1377.4000244140625,1383.9000244140625,1395.0
cipla,2026-09-08,1393.4000244140625,1398.4000244140625,1377.199951171875,1384.0,1398.300048828125,1377.5,1390.0,1384.0
cipla,2026-09-09,1380.0,1388.699951171875,1363.0999755859375,1363.0999755859375,1387.800048828125,1363.0999755859375,1379.300048828125,1363.0999755859375
cipla,2026-09-10,1366.800048828125,1380.0,1363.0999755859375,1373.300048828125,1379.9000244140625,1363.199951171875,1366.5999755859375,1373.300048828125
cipla,2026-09-11,1373.0,1373.0,1347.699951171875,1366.0,1369.800048828125,1347.800048828125,1369.800048828125,1366.0
cipla,2026-09-15,1355.0,1362.699951171875,1347.699951171875,1351.0,1361.0,1348.0999755859375,1357.699951171875,1351.0
cipla,2026-09-16,1351.0,1363.699951171875,1344.300048828125,1358.0,1363.5999755859375,1345.0,1353.0999755859375,1358.0
cipla,2026-09-17,1362.5,1385.0,1351.5999755859375,1376.300048828125,1385.0,1351.699951171875,1362.5,1376.300048828125
cipla,2026-09-18,1371.699951171875,1394.5,1371.699951171875,1394.5,1394.5,1372.699951171875,1380.0,1394.5
cipla,2026-09-21,1383.199951171875,1405.199951171875,1378.300048828125,1386.0999755859375,1405.0999755859375,1378.300048828125,1386.300048828125,1386.0999755859375
cipla,2026-09-22,1386.300048828125,1388.699951171875,1364.5,1384.0999755859375,1388.699951171875,1364.5,1388.699951171875,1384.0999755859375
cipla,2026-09-23,1382.4000244140625,1387.0,1371.800048828125,1383.0,1386.800048828125,1372.0,1382.4000244140625,1383.0
cipla,2026-09-24,1375.0,1419.0,1364.5999755859375,1399.0,1419.0,1367.800048828125,1375.5,1399.0
cipla,2026-09-25,1402.9000244140625,1421.0,1388.4000244140625,1399.699951171875,1420.9000244140625,1388.9000244140625,1404.9000244140625,1399.699951171875
cipla,2026-09-28,1399.699951171875,1405.0,1380.5,1383.699951171875,1399.699951171875,1383.0,1399.0,1383.699951171875
cipla,2026-09-29,1390.0,1401.800048828125,1376.199951171875,1379.300048828125,1401.800048828125,1379.199951171875,1388.0999755859375,1379.300048828125
cipla,2026-09-30,1383.0,1384.0,1346.0,1346.0,1383.0999755859375,1346.0,1383.0999755859375,1346.0
cipla,2026-10-01,1349.0999755859375,1359.4000244140625,1333.4000244140625,1344.0,1358.9000244140625,1334.0,1352.5999755859375,1344.0
coalindia,2026-08-18,403.8387577654821,407.5418884572936,401.6662423718241,401.8143615722656,412.5499877929688,406.8999938964844,408.2999877929688,406.8999938964844
coalindia,2026-08-19,401.8637580108829,402.5056279754732,392.3343441772275,395.0006103515625,406.6499938964844,397.3999938964844,406.6499938964844,400.0
coalindia,2026-08-20,395.0499695819172,398.4074988466057,390.8530881372113,397.4693603515625,403.0,395.7999877929688,401.0,402.5
coalindia,2026-08-21,397.5187170315459,400.8268530859488,396.6793648649181,400.1356201171875,405.8999938964844,402.2000122070313,402.2999877929688,405.2000122070313
coalindia,2026-08-24,400.9256162334618,405.8137608011149,399.5431201357498,401.8143615722656,410.9500122070313,405.0499877929688,406.25,406.8999938964844
coalindia,2026-08-25,402.9005979028079,402.9005979028079,396.0868438184469,398.9505920410156,407.8999938964844,401.1000061035156,407.6000061035156,404.0
coalindia,2026-08-26,399.93810036811686,400.3330949338423,396.38308900428063,398.4568481445313,405.3500061035156,401.4500122070313,402.7999877929688,403.5
coalindia,2026-08-27,398.4568656921387,399.8887549591251,393.42060188292527,395.0006103515625,404.9500122070313,398.4500122070313,403.5,400.0
coalindia,2026-08-28,395.9880981445313,401.27123715199457,392.5318429238184,395.9880981445313,406.3500061035156,397.5499877929688,400.75,401.0
coalindia,2026-08-31,397.02496764479713,400.5306160658315,394.6549700623321,396.7287292480469,405.5,399.7999877929688,401.7000122070313,401.75
coalindia,2026-09-01,396.7287161173009,402.1106111906528,394.4080816323834,396.5805969238281,407.1000061035156,399.4500122070313,402.3999938964844,401.6000061035156
coalindia,2026-09-02,403.0981191174421,417.1206221535703,401.4193545347908,412.6275024414063,422.2999877929688,407.7999877929688,407.7999877929688,417.8500061035156
coalindia,2026-09-03,416.7256277481623,423.14438741726906,411.5906079584154,414.7999877929688,428.3999938964844,417.2999877929688,421.4500122070313,420.0499877929688
coalindia,2026-09-04,418.0,418.0,412.5499877929688,415.3500061035156,416.1000061035156,412.5499877929688,415.2999877929688,415.3500061035156
coalindia,2026-09-07,416.6000061035156,420.2999877929688,413.2999877929688,418.8500061035156,420.0499877929688,413.5,415.75,418.8500061035156
coalindia,2026-09-08,418.1000061035156,423.6000061035156,416.0499877929688,420.25,423.5499877929688,416.2999877929688,418.5,420.25
coalindia,2026-09-09,420.8500061035156,435.3500061035156,419.7999877929688,431.0,435.3500061035156,420.5,420.6000061035156,431.0
coalindia,2026-09-10,433.0,436.2999877929688,430.0,432.0,436.25,430.1499938964844,432.8999938964844,432.0
coalindia,2026-09-11,432.0,434.2999877929688,424.2000122070313,426.3999938964844,434.0,424.4500122070313,432.0499877929688,426.3999938964844
coalindia,2026-09-15,426.3999938964844,427.0,418.0,419.25,426.7000122070313,418.0499877929688,425.8500061035156,419.25
coalindia,2026-09-16,419.25,423.4500122070313,417.6000061035156,422.25,423.25,417.7000122070313,418.5,422.25
coalindia,2026-09-17,421.1000061035156,422.7999877929688,416.5499877929688,418.0,422.7000122070313,416.75,421.0,418.0
coalindia,2026-09-18,418.0,419.9500122070313,409.6499938964844,409.8999938964844,419.75,409.7999877929688,418.0,409.8999938964844
coalindia,2026-09-21,411.7000122070313,415.3999938964844,410.4500122070313,414.7000122070313,415.3999938964844,410.6499938964844,411.2000122070313,414.7000122070313
coalindia,2026-09-22,424.7000122070313,428.75,419.6499938964844,428.0,428.7000122070313,419.7000122070313,423.2000122070313,428.0
coalindia,2026-09-23,428.25,429.3999938964844,421.5499877929688,424.5499877929688,429.3999938964844,421.6499938964844,428.0,424.5499877929688
coalindia,2026-09-24,422.0,423.8500061035156,418.7999877929688,422.0,423.6000061035156,418.8500061035156,421.6000061035156,422.0
coalindia,2026-09-25,424.0,426.6499938964844,421.3500061035156,426.1000061035156,426.6499938964844,421.3500061035156,423.2999877929688,426.1000061035156
coalindia,2026-09-28,426.3999938964844,429.2999877929688,421.2000122070313,422.5,429.2999877929688,421.2000122070313,426.8999938964844,422.5
coalindia,2026-09-29,420.5499877929688,426.0,420.5499877929688,425.0,426.0,420.75,422.25,425.0
coalindia,2026-09-30,425.1000061035156,432.8999938964844,423.9500122070313,425.0,432.1499938964844,423.9500122070313,428.0,425.0
coalindia,2026-10-01,421.2000122070313,426.3500061035156,416.2999877929688,420.3999938964844,426.3500061035156,416.4500122070313,422.25,420.3999938964844
drreddy,2026-08-18,1185.0,1189.300048828125,1176.0999755859375,1178.800048828125,1189.300048828125,1176.0999755859375,1185.800048828125,1178.800048828125
drreddy,2026-08-19,1171.9000244140625,1187.199951171875,1168.0,1170.0,1187.0999755859375,1168.0999755859375,1175.9000244140625,1170.0
drreddy,2026-08-20,1171.199951171875,1183.800048828125,1171.199951171875,1180.0,1183.800048828125,1171.4000244140625,1174.699951171875,1180.0
drreddy,2026-08-21,1179.0,1185.0999755859375,1174.0,1174.699951171875,1184.699951171875,1174.0999755859375,1180.4000244140625,1174.699951171875
drreddy,2026-08-24,1179.4000244140625,1195.9000244140625,1168.5999755859375,1190.0,1191.699951171875,1169.0999755859375,1176.4000244140625,1190.0
drreddy,2026-08-25,1189.0,1193.5,1175.0,1193.5,1193.5,1179.0,1186.0999755859375,1193.5
drreddy,2026-08-26,1189.9000244140625,1197.199951171875,1180.0999755859375,1182.0,1195.0999755859375,1181.0,1188.4000244140625,1182.0
drreddy,2026-08-27,1182.0,1191.9000244140625,1169.4000244140625,1177.0,1190.699951171875,1169.5,1182.0,1176.0
drreddy,2026-08-28,1175.0,1186.5999755859375,1172.5,1178.0,1186.0,1172.9000244140625,1177.699951171875,1178.0
drreddy,2026-08-31,1178.0,1178.0999755859375,1154.4000244140625,1154.4000244140625,1178.0,1154.4000244140625,1174.0999755859375,1154.4000244140625
drreddy,2026-09-01,1166.5,1179.9000244140625,1166.5,1171.0,1179.699951171875,1167.800048828125,1170.0,1171.0
drreddy,2026-09-02,1165.0,1170.9000244140625,1156.5,1156.5,1170.9000244140625,1156.5,1164.0999755859375,1156.5
drreddy,2026-09-03,1162.0,1164.300048828125,1155.0,1155.0,1164.300048828125,1155.0,1160.0,1155.0
drreddy,2026-09-04,1157.0,1166.800048828125,1151.0,1151.0,1166.0,1151.0,1166.0,1151.0
drreddy,2026-09-07,1150.5,1163.199951171875,1141.800048828125,1144.199951171875,1161.800048828125,1144.199951171875,1151.699951171875,1144.199951171875
drreddy,2026-09-08,1146.5,1154.5,1144.0,1151.0,1154.0,1144.0,1146.199951171875,1151.0
drreddy,2026-09-09,1146.0,1151.0,1136.4000244140625,1145.0,1149.9000244140625,1136.4000244140625,1146.5999755859375,1145.0
drreddy,2026-09-10,1140.0,1147.199951171875,1134.9000244140625,1143.0,1146.5999755859375,1135.300048828125,1138.0999755859375,1143.0
drreddy,2026-09-11,1130.0,1182.0,1130.0,1165.5,1181.699951171875,1132.0,1133.4000244140625,1165.5
drreddy,2026-09-15,1163.699951171875,1168.5,1141.0,1145.0,1168.0999755859375,1142.199951171875,1163.699951171875,1145.0
drreddy,2026-09-16,1142.0,1149.9000244140625,1133.9000244140625,1140.0,1149.699951171875,1134.0999755859375,1142.9000244140625,1140.0
drreddy,2026-09-17,1140.0,1189.800048828125,1140.0,1175.0,1188.0,1141.699951171875,1143.5,1175.0
drreddy,2026-09-18,1182.5999755859375,1207.5,1182.0999755859375,1185.0,1207.5,1183.300048828125,1184.800048828125,1185.0
drreddy,2026-09-21,1185.0,1211.9000244140625,1185.0,1198.300048828125,1211.800048828125,1187.4000244140625,1187.4000244140625,1198.300048828125
drreddy,2026-09-22,1207.0,1222.0,1201.199951171875,1211.0,1221.4000244140625,1201.5,1207.0,1211.0
drreddy,2026-09-23,1210.0,1220.5,1205.9000244140625,1211.199951171875,1220.4000244140625,1205.9000244140625,1209.9000244140625,1211.199951171875
drreddy,2026-09-24,1210.9000244140625,1213.9000244140625,1197.0,1200.4000244140625,1213.9000244140625,1197.0,1208.4000244140625,1200.4000244140625
drreddy,2026-09-25,1204.5,1207.800048828125,1193.4000244140625,1201.0,1206.800048828125,1193.800048828125,1203.0999755859375,1201.0
drreddy,2026-09-28,1211.5999755859375,1229.800048828125,1204.0,1221.0,1229.800048828125,1205.0,1217.300048828125,1221.0
drreddy,2026-09-29,1243.199951171875,1252.800048828125,1229.0,1251.9000244140625,1251.9000244140625,1230.0,1243.5999755859375,1251.9000244140625
drreddy,2026-09-30,1242.199951171875,1244.5999755859375,1214.199951171875,1233.0,1244.5999755859375,1215.199951171875,1240.0,1233.0
drreddy,2026-10-01,1233.0,1233.9000244140625,1194.9000244140625,1206.199951171875,1230.0,1194.9000244140625,1225.9000244140625,1206.199951171875
eichermot,2026-08-18,8040.0,8107.0,8016.5,8018.5,8105.0,8018.5,8035.0,8018.5
eichermot,2026-08-19,8016.5,8060.0,7947.5,7990.5,8059.5,7950.0,8025.5,7990.5
eichermot,2026-08-20,8047.0,8097.5,7983.0,8042.0,8097.0,7986.5,8030.5,8042.0
eichermot,2026-08-21,8095.0,8112.5,7980.0,8010.0,8108.5,7981.0,8078.0,8010.0
eichermot,2026-08-24,8010.0,8075.0,7970.0,8047.0,8075.0,7970.0,8019.5,8047.0
eichermot,2026-08-25,8008.5,8070.0,7984.0,8055.0,8068.0,7986.0,8016.0,8055.0
eichermot,2026-08-26,8048.0,8112.0,8031.5,8035.0,8112.0,8035.0,8071.5,8035.0
eichermot,2026-08-27,8015.0,8105.5,7987.0,8100.0,8105.5,7988.0,8015.0,8100.0
eichermot,2026-08-28,8140.0,8140.0,8003.0,8059.0,8131.0,8003.0,8099.5,8059.0
eichermot,2026-08-31,8000.0,8030.0,7941.5,7953.5,8012.0,7942.0,8000.0,7953.5
eichermot,2026-09-01,7975.0,8052.0,7860.0,7970.0,8052.0,7861.0,7975.0,7970.0
eichermot,2026-09-02,7860.0,7893.0,7507.5,7711.5,7866.0,7508.0,7866.0,7711.5
eichermot,2026-09-03,7715.0,7738.5,7597.0,7690.0,7730.0,7601.0,7730.0,7690.0
eichermot,2026-09-04,7665.0,7665.5,7590.0,7630.5,7663.5,7593.0,7637.0,7630.5
eichermot,2026-09-07,7658.0,7729.0,7615.0,7672.0,7728.0,7623.0,7670.0,7672.0
eichermot,2026-09-08,7700.0,7747.5,7655.0,7747.5,7747.5,7655.0,7700.0,7747.5
eichermot,2026-09-09,7687.0,7784.5,7664.5,7734.5,7780.0,7664.5,7722.0,7734.5
eichermot,2026-09-10,7713.0,7746.0,7637.5,7697.0,7745.0,7637.5,7711.5,7697.0
eichermot,2026-09-11,7600.0,7633.0,7530.0,7530.0,7615.0,7530.0,7596.0,7530.0
eichermot,2026-09-15,7567.5,7570.5,7440.0,7452.5,7561.0,7440.0,7551.0,7452.5
eichermot,2026-09-16,7430.0,7524.5,7406.0,7500.0,7524.5,7408.0,7436.0,7500.0
eichermot,2026-09-17,7495.0,7552.5,7489.0,7493.5,7552.5,7490.0,7490.0,7493.5
eichermot,2026-09-18,7523.5,7569.0,7477.0,7516.0,7568.0,7477.0,7520.5,7516.0
eichermot,2026-09-21,7550.0,7569.5,7490.0,7512.5,7567.5,7490.5,7546.5,7512.5
eichermot,2026-09-22,7519.0,7555.0,7427.0,7427.0,7552.0,7427.0,7552.0,7427.0
eichermot,2026-09-23,7468.5,7485.0,7414.0,7470.0,7482.5,7414.0,7457.0,7470.0
eichermot,2026-09-24,7437.0,7460.0,7333.0,7338.5,7438.0,7333.0,7436.5,7338.5
eichermot,2026-09-25,7340.5,7381.0,7305.0,7360.0,7379.0,7305.0,7331.0,7360.0
eichermot,2026-09-28,7323.0,7323.0,7189.0,7213.5,7316.5,7189.0,7309.5,7213.5
eichermot,2026-09-29,7213.5,7268.0,7164.5,7179.0,7265.0,7165.0,7205.5,7179.0
eichermot,2026-09-30,7182.0,7245.0,7120.0,7150.0,7244.0,7120.0,7190.5,7150.0
eichermot,2026-10-01,7120.0,7146.0,6840.0,6920.0,7101.0,6840.0,7101.0,6920.0
eternal,2026-08-18,318.0,321.20001220703125,315.54998779296875,315.8999938964844,321.04998779296875,315.54998779296875,318.1000061035156,315.8999938964844
eternal,2026-08-19,316.1499938964844,322.8500061035156,315.8500061035156,320.0,322.75,316.04998779296875,316.1499938964844,320.0
eternal,2026-08-20,323.8500061035156,328.5,321.3500061035156,327.95001220703125,328.5,322.5,323.6000061035156,327.95001220703125
eternal,2026-08-21,330.0,331.70001220703125,324.1000061035156,328.0,331.6000061035156,324.25,329.1000061035156,328.0
eternal,2026-08-24,323.0,329.5,323.0,327.1499938964844,329.45001220703125,325.95001220703125,326.3500061035156,327.1499938964844
eternal,2026-08-25,330.0,331.0,325.5,331.0,331.0,325.5,329.0,331.0
eternal,2026-08-26,330.0,332.0,325.0,327.0,331.8999938964844,325.0,329.79998779296875,327.0
eternal,2026-08-27,329.0,330.8999938964844,325.29998779296875,328.5,330.8999938964844,325.3999938964844,328.54998779296875,328.5
eternal,2026-08-28,329.1000061035156,330.0,324.29998779296875,328.0,329.8999938964844,324.3999938964844,327.8500061035156,328.0
eternal,2026-08-31,328.79998779296875,332.95001220703125,315.79998779296875,328.1000061035156,332.95001220703125,315.8999938964844,327.75,328.1000061035156
eternal,2026-09-01,325.0,329.3999938964844,323.0,327.75,329.3500061035156,323.1000061035156,325.25,327.75
eternal,2026-09-02,325.5,327.5,320.29998779296875,327.29998779296875,327.29998779296875,320.3500061035156,325.04998779296875,327.29998779296875
eternal,2026-09-03,327.79998779296875,331.0,324.1499938964844,324.79998779296875,330.8999938964844,324.1499938964844,327.79998779296875,324.79998779296875
eternal,2026-09-04,325.29998779296875,327.75,320.79998779296875,322.75,327.5,320.8500061035156,325.29998779296875,322.75
eternal,2026-09-07,325.75,325.75,319.70001220703125,320.79998779296875,325.70001220703125,319.70001220703125,324.79998779296875,320.79998779296875
eternal,2026-09-08,320.79998779296875,324.29998779296875,320.5,321.6000061035156,324.29998779296875,320.6000061035156,321.29998779296875,321.6000061035156
eternal,2026-09-09,322.0,322.54998779296875,318.0,320.6000061035156,322.3999938964844,318.1499938964844,321.79998779296875,320.6000061035156
eternal,2026-09-10,322.70001220703125,322.8999938964844,317.54998779296875,322.1000061035156,322.8500061035156,317.79998779296875,321.1000061035156,322.1000061035156
eternal,2026-09-11,317.95001220703125,324.79998779296875,316.04998779296875,323.5,324.79998779296875,316.1000061035156,317.95001220703125,323.5
eternal,2026-09-15,327.5,327.95001220703125,314.6499938964844,315.25,327.5,314.8999938964844,327.5,315.25
eternal,2026-09-16,316.25,318.3500061035156,310.79998779296875,317.0,318.3500061035156,310.79998779296875,316.25,317.0
eternal,2026-09-17,318.29998779296875,327.79998779296875,318.25,322.3500061035156,327.75,318.25,318.6499938964844,322.3500061035156
eternal,2026-09-18,328.5,329.75,325.70001220703125,326.8500061035156,329.70001220703125,325.79998779296875,326.6499938964844,326.8500061035156
eternal,2026-09-21,326.8500061035156,336.5,326.8500061035156,335.8999938964844,336.45001220703125,327.1000061035156,327.29998779296875,335.8999938964844
eternal,2026-09-22,337.70001220703125,342.0,334.6499938964844,342.0,342.0,334.75,336.1000061035156,342.0
eternal,2026-09-23,344.3999938964844,344.3999938964844,340.54998779296875,342.6499938964844,343.54998779296875,340.54998779296875,341.70001220703125,342.6499938964844
eternal,2026-09-24,338.70001220703125,343.6000061035156,333.54998779296875,335.5,343.45001220703125,334.04998779296875,338.95001220703125,335.5
eternal,2026-09-25,335.6000061035156,339.8999938964844,331.70001220703125,335.0,339.6499938964844,331.70001220703125,335.70001220703125,335.0
eternal,2026-09-28,335.04998779296875,335.1000061035156,328.45001220703125,330.95001220703125,335.04998779296875,328.75,335.04998779296875,330.95001220703125
eternal,2026-09-29,333.0,333.0,323.6499938964844,327.8500061035156,332.95001220703125,323.6499938964844,332.95001220703125,327.8500061035156
eternal,2026-09-30,328.1499938964844,329.0,317.1000061035156,320.0,328.6499938964844,317.20001220703125,328.6000061035156,320.0
eternal,2026-10-01,316.6000061035156,320.3999938964844,309.79998779296875,313.8999938964844,320.3999938964844,309.79998779296875,316.8500061035156,313.8999938964844
grasim,2026-08-18,3257.0,3297.699951171875,3250.5,3278.699951171875,3296.39990234375,3256.10009765625,3256.89990234375,3278.699951171875
grasim,2026-08-19,3278.699951171875,3278.699951171875,3223.0,3270.0,3276.10009765625,3223.60009765625,3276.10009765625,3270.0
grasim,2026-08-20,3280.0,3310.0,3250.0,3300.0,3310.0,3250.0,3271.60009765625,3300.0
grasim,2026-08-21,3280.0,3343.10009765625,3258.0,3308.0,3342.0,3258.10009765625,3271.10009765625,3308.0
grasim,2026-08-24,3316.0,3316.0,3263.0,3288.0,3304.800048828125,3265.0,3300.89990234375,3288.0
grasim,2026-08-25,3287.89990234375,3300.199951171875,3222.10009765625,3289.60009765625,3300.0,3222.10009765625,3280.10009765625,3289.60009765625
grasim,2026-08-26,3291.0,3310.0,3262.39990234375,3299.89990234375,3307.0,3262.39990234375,3294.0,3299.89990234375
grasim,2026-08-27,3289.0,3299.800048828125,3258.0,3258.0,3298.0,3258.0,3292.39990234375,3258.0
grasim,2026-08-28,3261.0,3292.5,3229.0,3290.0,3292.5,3229.0,3264.699951171875,3290.0
grasim,2026-08-31,3290.0,3371.0,3250.0,3371.0,3371.0,3251.5,3284.800048828125,3371.0
grasim,2026-09-01,3337.0,3337.0,3287.10009765625,3305.0,3336.60009765625,3287.10009765625,3336.60009765625,3305.0
grasim,2026-09-02,3292.0,3298.300048828125,3235.5,3294.89990234375,3294.89990234375,3235.5,3283.699951171875,3294.89990234375
grasim,2026-09-03,3275.10009765625,3325.199951171875,3275.10009765625,3310.0,3322.0,3282.0,3293.89990234375,3310.0
grasim,2026-09-04,3318.89990234375,3332.60009765625,3268.10009765625,3322.0,3332.60009765625,3271.60009765625,3313.199951171875,3322.0
grasim,2026-09-07,3322.0,3327.699951171875,3293.0,3302.39990234375,3327.60009765625,3293.0,3316.5,3302.39990234375
grasim,2026-09-08,3302.39990234375,3318.199951171875,3277.0,3306.800048828125,3318.199951171875,3277.0,3290.5,3306.800048828125
grasim,2026-09-09,3305.0,3320.0,3279.0,3300.0,3316.0,3279.0,3304.199951171875,3300.0
grasim,2026-09-10,3290.0,3324.39990234375,3279.89990234375,3319.0,3323.199951171875,3282.5,3289.0,3319.0
grasim,2026-09-11,3302.39990234375,3302.39990234375,3267.0,3281.89990234375,3302.0,3267.199951171875,3302.0,3281.89990234375
grasim,2026-09-15,3263.300048828125,3272.0,3171.0,3171.0,3272.0,3171.0,3272.0,3171.0
grasim,2026-09-16,3190.0,3201.800048828125,3159.10009765625,3187.0,3200.0,3160.0,3170.5,3187.0
grasim,2026-09-17,3190.0,3205.0,3159.0,3173.10009765625,3205.0,3159.0,3187.0,3173.10009765625
grasim,2026-09-18,3175.0,3209.199951171875,3174.5,3209.199951171875,3209.199951171875,3175.10009765625,3187.300048828125,3209.199951171875
grasim,2026-09-21,3204.89990234375,3217.300048828125,3166.0,3166.0,3217.300048828125,3166.0,3214.89990234375,3166.0
grasim,2026-09-22,3171.0,3180.800048828125,3125.0,3128.199951171875,3176.89990234375,3125.0,3173.5,3128.199951171875
grasim,2026-09-23,3138.0,3190.0,3127.10009765625,3188.5,3188.5,3127.10009765625,3139.5,3188.5
grasim,2026-09-24,3151.0,3203.699951171875,3150.60009765625,3166.5,3202.699951171875,3151.10009765625,3151.10009765625,3166.5
grasim,2026-09-25,3175.0,3212.5,3161.0,3191.0,3197.10009765625,3161.0,3168.0,3191.0
grasim,2026-09-28,3186.0,3186.0,3138.0,3150.0,3166.60009765625,3138.0,3161.10009765625,3150.0
grasim,2026-09-29,3149.199951171875,3151.5,3089.0,3100.0,3151.300048828125,3091.199951171875,3149.0,3100.0
grasim,2026-09-30,3100.0,3112.300048828125,3046.39990234375,3061.89990234375,3111.699951171875,3046.39990234375,3095.300048828125,3061.89990234375
grasim,2026-10-01,3038.0,3045.0,2944.39990234375,2962.0,3029.0,2945.800048828125,3021.0,2962.0
hcltech,2026-08-18,1318.0,1320.0,1292.5,1298.0,1317.4000244140625,1292.699951171875,1312.5,1298.0
hcltech,2026-08-19,1309.0,1324.800048828125,1301.4000244140625,1324.800048828125,1324.800048828125,1301.4000244140625,1311.9000244140625,1324.800048828125
hcltech,2026-08-20,1339.699951171875,1345.300048828125,1318.4000244140625,1318.4000244140625,1344.800048828125,1318.4000244140625,1339.9000244140625,1318.4000244140625
hcltech,2026-08-21,1319.9000244140625,1321.699951171875,1302.5,1302.5,1320.0,1302.5,1320.0,1302.5
hcltech,2026-08-24,1302.5,1325.800048828125,1301.0,1322.0,1325.199951171875,1302.5999755859375,1302.9000244140625,1322.0
hcltech,2026-08-25,1322.0,1322.9000244140625,1294.4000244140625,1315.800048828125,1322.9000244140625,1294.5,1321.5999755859375,1315.800048828125
hcltech,2026-08-26,1319.5,1323.0,1296.5999755859375,1298.5,1320.5999755859375,1296.5999755859375,1319.5999755859375,1298.5
hcltech,2026-08-27,1295.0,1304.699951171875,1280.0,1282.0,1304.699951171875,1280.4000244140625,1300.5999755859375,1282.0
hcltech,2026-08-28,1290.0,1334.199951171875,1290.0,1316.0999755859375,1334.0999755859375,1297.699951171875,1299.800048828125,1316.0999755859375
hcltech,2026-08-31,1316.5999755859375,1322.5999755859375,1297.699951171875,1312.199951171875,1322.5999755859375,1297.800048828125,1320.0999755859375,1312.199951171875
hcltech,2026-09-01,1316.0999755859375,1368.0,1313.0999755859375,1351.4000244140625,1367.9000244140625,1315.5,1319.4000244140625,1351.4000244140625
hcltech,2026-09-02,1340.0999755859375,1349.300048828125,1317.4000244140625,1331.5,1348.0,1318.0999755859375,1341.300048828125,1331.5
hcltech,2026-09-03,1345.0,1345.0,1308.0,1319.0,1340.9000244140625,1308.0,1340.9000244140625,1319.0
hcltech,2026-09-04,1324.9000244140625,1331.4000244140625,1291.199951171875,1293.4000244140625,1331.4000244140625,1291.4000244140625,1324.9000244140625,1293.4000244140625
hcltech,2026-09-07,1271.699951171875,1286.800048828125,1263.0,1282.800048828125,1286.5999755859375,1263.199951171875,1270.699951171875,1282.800048828125
hcltech,2026-09-08,1281.4000244140625,1290.0,1268.199951171875,1277.0,1290.0,1268.4000244140625,1277.300048828125,1277.0
hcltech,2026-09-09,1248.800048828125,1264.800048828125,1222.699951171875,1229.800048828125,1256.5999755859375,1222.9000244140625,1256.5999755859375,1229.800048828125
hcltech,2026-09-10,1224.800048828125,1237.0,1196.9000244140625,1207.0,1237.0,1197.4000244140625,1223.5999755859375,1207.0
hcltech,2026-09-11,1196.0,1223.4000244140625,1195.699951171875,1206.0999755859375,1223.0,1196.4000244140625,1196.4000244140625,1206.0999755859375
hcltech,2026-09-15,1252.0,1290.0,1250.0,1253.699951171875,1290.0,1250.5,1252.0,1253.699951171875
hcltech,2026-09-16,1262.5,1284.5999755859375,1244.9000244140625,1253.0,1284.4000244140625,1245.0,1262.5999755859375,1253.0
hcltech,2026-09-17,1242.199951171875,1258.300048828125,1235.300048828125,1258.300048828125,1258.300048828125,1235.5,1245.699951171875,1258.300048828125
hcltech,2026-09-18,1258.300048828125,1260.800048828125,1235.5999755859375,1249.300048828125,1255.699951171875,1235.5999755859375,1255.699951171875,1249.300048828125
hcltech,2026-09-21,1242.300048828125,1284.9000244140625,1237.300048828125,1281.0,1284.9000244140625,1241.0,1241.0,1281.0
hcltech,2026-09-22,1280.0,1286.0999755859375,1240.300048828125,1270.4000244140625,1286.0999755859375,1240.300048828125,1278.0999755859375,1270.4000244140625
hcltech,2026-09-23,1270.0,1279.800048828125,1250.0,1256.699951171875,1279.800048828125,1250.4000244140625,1268.699951171875,1256.699951171875
hcltech,2026-09-24,1251.0,1263.300048828125,1242.800048828125,1243.5999755859375,1263.199951171875,1242.800048828125,1248.9000244140625,1243.5999755859375
hcltech,2026-09-25,1241.0,1266.5,1234.5999755859375,1258.0,1266.300048828125,1234.5999755859375,1242.699951171875,1258.0
hcltech,2026-09-28,1252.0,1267.300048828125,1241.800048828125,1252.5999755859375,1266.800048828125,1241.800048828125,1254.0,1252.5999755859375
hcltech,2026-09-29,1252.5999755859375,1261.0,1222.0,1222.0,1260.699951171875,1222.0,1256.4000244140625,1222.0
hcltech,2026-09-30,1229.0,1256.4000244140625,1224.800048828125,1230.0,1256.4000244140625,1224.800048828125,1229.199951171875,1230.0
hcltech,2026-10-01,1230.0,1256.0,1228.9000244140625,1243.0999755859375,1255.4000244140625,1229.300048828125,1240.9000244140625,1243.0999755859375
hdfcbank,2026-08-18,726.2999877929688,729.0,723.0,723.0,728.5499877929688,723.0,727.5,723.0
hdfcbank,2026-08-19,724.0,725.4000244140625,715.0999755859375,720.0,724.5499877929688,715.0999755859375,724.5499877929688,720.0
hdfcbank,2026-08-20,725.5,728.2999877929688,724.2999877929688,725.0499877929688,728.2999877929688,724.7000122070312,726.4500122070312,725.0499877929688
hdfcbank,2026-08-21,728.2999877929688,732.7999877929688,726.5999755859375,726.9500122070312,732.7999877929688,726.6500244140625,728.4000244140625,726.9500122070312
hdfcbank,2026-08-24,732.5,734.4000244140625,724.0999755859375,729.0,734.2999877929688,724.0999755859375,733.4500122070312,729.0
hdfcbank,2026-08-25,726.5999755859375,728.7000122070312,722.0,727.5,728.7000122070312,722.0,727.7999877929688,727.5
hdfcbank,2026-08-26,728.0,731.0,724.1500244140625,727.2000122070312,730.7999877929688,724.5999755859375,728.0,727.2000122070312
hdfcbank,2026-08-27,728.1500244140625,728.1500244140625,710.0,711.0,726.75,710.0,726.2000122070312,711.0
hdfcbank,2026-08-28,710.8499755859375,720.2999877929688,707.0,720.2999877929688,720.2999877929688,709.0999755859375,709.0999755859375,720.2999877929688
hdfcbank,2026-08-31,723.0499877929688,739.75,704.1500244140625,709.0,739.75,704.2000122070312,725.0,709.0
hdfcbank,2026-09-01,705.0499877929688,715.4500122070312,698.5,711.9000244140625,715.4000244140625,698.6500244140625,706.9500122070312,711.9000244140625
hdfcbank,2026-09-02,702.2999877929688,705.6500244140625,700.0,700.7999877929688,705.0,700.0499877929688,704.0,700.7999877929688
hdfcbank,2026-09-03,705.0,712.5999755859375,705.0,706.6500244140625,712.5999755859375,705.0499877929688,706.0,706.6500244140625
hdfcbank,2026-09-04,708.3499755859375,716.5,708.3499755859375,712.0999755859375,716.5,708.6500244140625,710.0,712.0999755859375
hdfcbank,2026-09-07,712.0999755859375,713.0,707.0499877929688,710.5,713.0,707.4000244140625,712.5999755859375,710.5
hdfcbank,2026-09-08,707.0999755859375,708.9000244140625,703.0,703.0,708.9000244140625,703.0,708.9000244140625,703.0
hdfcbank,2026-09-09,698.0,700.0,687.0999755859375,687.0999755859375,700.0,687.0999755859375,697.9000244140625,687.0999755859375
hdfcbank,2026-09-10,687.0999755859375,694.5,686.2000122070312,693.7999877929688,694.5,686.25,687.7000122070312,693.7999877929688
hdfcbank,2026-09-11,683.9000244140625,709.0,681.9000244140625,708.25,709.0,682.0999755859375,683.7999877929688,708.25
hdfcbank,2026-09-15,722.4000244140625,730.75,715.0499877929688,716.5499877929688,730.4000244140625,715.0999755859375,722.5,716.5499877929688
hdfcbank,2026-09-16,714.9000244140625,725.4000244140625,710.8499755859375,721.5,725.0999755859375,711.0499877929688,714.0,721.5
hdfcbank,2026-09-17,717.5,719.4000244140625,713.0,713.0,719.2999877929688,713.0,717.5999755859375,713.0
hdfcbank,2026-09-18,715.25,733.7999877929688,715.25,731.0,733.2999877929688,715.9000244140625,717.5,731.0
hdfcbank,2026-09-21,731.0,742.6500244140625,729.0499877929688,739.5,742.6500244140625,729.1500244140625,730.7999877929688,739.5
hdfcbank,2026-09-22,738.8499755859375,749.2999877929688,738.5999755859375,738.5999755859375,749.2999877929688,738.5999755859375,741.7000122070312,738.5999755859375
hdfcbank,2026-09-23,735.6500244140625,742.7999877929688,734.0,737.25,742.75,734.0999755859375,737.3499755859375,737.25
hdfcbank,2026-09-24,725.0,734.8499755859375,722.7000122070312,728.9000244140625,734.7999877929688,726.0,728.7999877929688,728.9000244140625
hdfcbank,2026-09-25,723.0,739.6500244140625,723.0,735.5999755859375,739.5999755859375,725.9500122070312,727.0,735.5999755859375
hdfcbank,2026-09-28,731.5999755859375,733.0,718.0999755859375,719.0499877929688,732.7000122070312,718.2999877929688,732.5999755859375,719.0499877929688
hdfcbank,2026-09-29,713.7000122070312,722.7000122070312,706.25,722.7000122070312,722.7000122070312,706.25,715.0,722.7000122070312
hdfcbank,2026-09-30,711.5,720.2999877929688,708.7000122070312,708.7000122070312,720.25,708.7000122070312,712.2000122070312,708.7000122070312
hdfcbank,2026-10-01,708.4000244140625,721.2999877929688,707.0999755859375,721.2000122070312,721.2999877929688,707.4000244140625,708.0999755859375,721.2000122070312
hdfclife,2026-08-18,541.9500122070312,542.9000244140625,537.5499877929688,538.25,542.3499755859375,537.7000122070312,541.3499755859375,538.25
hdfclife,2026-08-19,538.0,539.75,533.2999877929688,536.2999877929688,539.75,533.4000244140625,538.5499877929688,536.2999877929688
hdfclife,2026-08-20,539.9000244140625,543.2000122070312,536.6500244140625,542.0,543.2000122070312,536.6500244140625,539.9000244140625,542.0
hdfclife,2026-08-21,542.0,554.7999877929688,537.2000122070312,554.7999877929688,554.7999877929688,537.2000122070312,541.8499755859375,554.7999877929688
hdfclife,2026-08-24,555.0,557.0,549.0,552.9500122070312,556.9500122070312,549.0,555.0,552.9500122070312
hdfclife,2026-08-25,549.9500122070312,555.6500244140625,545.7999877929688,546.7000122070312,555.5999755859375,545.9000244140625,550.25,546.7000122070312
hdfclife,2026-08-26,549.9500122070312,563.5,549.0999755859375,553.0,563.4000244140625,549.5,549.5,553.0
hdfclife,2026-08-27,553.0999755859375,557.0,548.0,548.0,555.5,548.0,555.5,548.0
hdfclife,2026-08-28,550.7999877929688,550.9500122070312,543.7999877929688,548.0,550.9500122070312,543.9500122070312,549.4000244140625,548.0
hdfclife,2026-08-31,545.0,546.9500122070312,538.7999877929688,543.3499755859375,546.4500122070312,539.3499755859375,541.0499877929688,543.3499755859375
hdfclife,2026-09-01,540.0,544.25,537.4000244140625,540.2999877929688,544.25,537.5999755859375,542.0,540.2999877929688
hdfclife,2026-09-02,538.0,538.0,532.0499877929688,533.0,537.5,532.2999877929688,536.5999755859375,533.0
hdfclife,2026-09-03,536.1500244140625,539.7000122070312,530.5499877929688,533.5,539.7000122070312,530.5499877929688,536.2000122070312,533.5
hdfclife,2026-09-04,533.7000122070312,548.0,533.2999877929688,546.4000244140625,548.0,533.9000244140625,534.9000244140625,546.4000244140625
hdfclife,2026-09-07,546.4000244140625,546.4000244140625,533.2000122070312,533.2000122070312,543.8499755859375,533.2000122070312,543.8499755859375,533.2000122070312
hdfclife,2026-09-08,539.9000244140625,547.7999877929688,533.6500244140625,533.7999877929688,547.5,533.7999877929688,544.0999755859375,533.7999877929688
hdfclife,2026-09-09,533.7000122070312,534.5999755859375,508.9500122070313,514.0,531.3499755859375,509.1000061035156,531.3499755859375,514.0
hdfclife,2026-09-10,515.1500244140625,526.1500244140625,508.7000122070313,526.1500244140625,526.1500244140625,508.8999938964844,513.75,526.1500244140625
hdfclife,2026-09-11,522.0,531.5,518.2000122070312,530.0,531.0999755859375,518.2999877929688,521.7000122070312,530.0
hdfclife,2026-09-15,530.0,530.6500244140625,516.0999755859375,516.0999755859375,530.3499755859375,516.0999755859375,528.0,516.0999755859375
hdfclife,2026-09-16,522.0,534.0,517.0,530.2000122070312,533.6500244140625,517.6500244140625,518.3499755859375,530.2000122070312
hdfclife,2026-09-17,532.9000244140625,560.9500122070312,529.9500122070312,557.0,560.9000244140625,530.25,531.6500244140625,557.0
hdfclife,2026-09-18,557.0999755859375,564.9500122070312,550.9500122070312,550.9500122070312,563.2000122070312,550.9500122070312,556.9500122070312,550.9500122070312
hdfclife,2026-09-21,551.6500244140625,565.9000244140625,551.6500244140625,559.4000244140625,565.9000244140625,553.5499877929688,553.5499877929688,559.4000244140625
hdfclife,2026-09-22,560.5499877929688,567.4000244140625,559.0499877929688,559.2000122070312,567.4000244140625,559.2000122070312,561.5999755859375,559.2000122070312
hdfclife,2026-09-23,561.9000244140625,565.5,556.4000244140625,561.5,565.4000244140625,556.4000244140625,561.9000244140625,561.5
hdfclife,2026-09-24,531.0,535.3499755859375,514.0,526.9000244140625,535.25,514.25,530.2999877929688,526.9000244140625
hdfclife,2026-09-25,526.9000244140625,535.0,516.4500122070312,531.0,534.9500122070312,516.4500122070312,526.9500122070312,531.0
hdfclife,2026-09-28,531.0,534.5,525.9000244140625,531.5999755859375,534.5,526.0,527.2000122070312,531.5999755859375
hdfclife,2026-09-29,526.2000122070312,528.3499755859375,518.5999755859375,523.5499877929688,528.3499755859375,518.7999877929688,527.5,523.5499877929688
hdfclife,2026-09-30,516.5999755859375,521.2000122070312,513.4000244140625,521.2000122070312,521.2000122070312,513.5,518.0999755859375,521.2000122070312
hdfclife,2026-10-01,518.0,538.9000244140625,517.4000244140625,534.2000122070312,536.5499877929688,518.5,518.7999877929688,534.2000122070312
hindalco,2026-08-18,1048.949951171875,1050.5999755859375,1038.0,1041.5999755859375,1048.0999755859375,1038.0,1048.050048828125,1041.5999755859375
hindalco,2026-08-19,1030.5999755859375,1039.199951171875,1025.550048828125,1038.949951171875,1038.949951171875,1026.25,1029.5,1038.949951171875
hindalco,2026-08-20,1044.0,1048.0,1013.0,1029.8499755859375,1047.300048828125,1013.0,1043.949951171875,1029.8499755859375
hindalco,2026-08-21,1029.800048828125,1040.449951171875,1024.5999755859375,1034.0,1040.449951171875,1026.800048828125,1029.0,1034.0
hindalco,2026-08-24,1047.949951171875,1058.5,1043.300048828125,1058.5,1058.5,1043.4000244140625,1047.6500244140625,1058.5
hindalco,2026-08-25,1055.0,1057.0,1040.449951171875,1051.050048828125,1056.699951171875,1043.6500244140625,1053.449951171875,1051.050048828125
hindalco,2026-08-26,1052.6500244140625,1059.5,1039.1500244140625,1053.0,1059.449951171875,1040.5,1049.0,1053.0
hindalco,2026-08-27,1060.5,1061.800048828125,1020.0499877929688,1024.0,1061.800048828125,1020.5,1059.199951171875,1024.0
hindalco,2026-08-28,1030.0,1037.4000244140625,1025.949951171875,1037.4000244140625,1037.4000244140625,1025.949951171875,1029.199951171875,1037.4000244140625
hindalco,2026-08-31,1029.9000244140625,1029.9000244140625,1005.4000244140624,1015.4500122070312,1028.0,1005.8499755859376,1028.0,1015.4500122070312
hindalco,2026-09-01,1023.0,1033.9000244140625,1010.0,1014.4000244140624,1033.5,1010.2999877929688,1021.7000122070312,1014.4000244140624
hindalco,2026-09-02,1004.0,1011.2000122070312,998.2000122070312,1009.7000122070312,1011.2000122070312,999.7000122070312,999.7000122070312,1009.7000122070312
hindalco,2026-09-03,1014.5,1022.5,1002.0999755859376,1010.0,1022.5,1002.0999755859376,1016.9000244140624,1010.0
hindalco,2026-09-04,1012.9000244140624,1020.7999877929688,1005.0,1011.0,1020.7999877929688,1005.0999755859376,1013.0999755859376,1011.0
hindalco,2026-09-07,1011.0999755859376,1014.7999877929688,999.7999877929688,1006.0,1014.4000244140624,1000.5,1011.0,1006.0
hindalco,2026-09-08,1014.0,1024.699951171875,1007.5,1009.0,1024.5,1007.5999755859376,1015.0999755859376,1009.0
hindalco,2026-09-09,1013.9000244140624,1032.4000244140625,1010.7000122070312,1026.9000244140625,1032.300048828125,1010.9000244140624,1015.7999877929688,1026.9000244140625
hindalco,2026-09-10,1027.5,1029.5,1007.7999877929688,1014.0,1026.5999755859375,1008.0,1025.800048828125,1014.0
hindalco,2026-09-11,990.0,992.7999877929688,973.0999755859376,981.5,992.7999877929688,973.0999755859376,986.0,981.5
hindalco,2026-09-15,980.0999755859376,981.0,958.7000122070312,958.7000122070312,980.0999755859376,958.7000122070312,980.0999755859376,958.7000122070312
hindalco,2026-09-16,956.4000244140624,978.5,956.4000244140624,972.7000122070312,978.5,959.0,959.0,972.7000122070312
hindalco,2026-09-17,972.0,987.2000122070312,970.5,980.5,987.0,971.0,972.0,980.5
hindalco,2026-09-18,982.9000244140624,999.2999877929688,979.4000244140624,986.5,999.2999877929688,982.5,988.2000122070312,986.5
hindalco,2026-09-21,987.0,993.5,976.0,981.2000122070312,993.0,976.4000244140624,988.0,981.2000122070312
hindalco,2026-09-22,987.0,987.5,967.0999755859376,973.0,984.0999755859376,967.0999755859376,984.0999755859376,973.0
hindalco,2026-09-23,979.5,1003.7999877929688,978.2000122070312,1003.7999877929688,1003.7999877929688,978.2999877929688,982.5999755859376,1003.7999877929688
hindalco,2026-09-24,983.5,991.9000244140624,976.5,982.0,991.7000122070312,976.5999755859376,988.0,982.0
hindalco,2026-09-25,979.2000122070312,983.4000244140624,971.2000122070312,977.0,983.4000244140624,971.2000122070312,980.0,977.0
hindalco,2026-09-28,972.0,972.9000244140624,951.0999755859376,955.9000244140624,966.5999755859376,951.2000122070312,966.5999755859376,955.9000244140624
hindalco,2026-09-29,955.9000244140624,963.5,947.0999755859376,955.2000122070312,963.5,947.0999755859376,954.9000244140624,955.2000122070312
hindalco,2026-09-30,950.2000122070312,956.7999877929688,941.0999755859376,941.7999877929688,956.7000122070312,941.0999755859376,954.7000122070312,941.7999877929688
hindalco,2026-10-01,935.0,946.6500244140624,923.5,941.8499755859376,946.4500122070312,923.75,935.0,941.8499755859376
hindunilvr,2026-08-18,2055.0,2060.0,2034.9000244140625,2035.0,2055.0,2034.9000244140625,2055.0,2035.0
hindunilvr,2026-08-19,2035.0,2041.699951171875,2008.300048828125,2020.699951171875,2041.4000244140625,2008.4000244140625,2037.5,2020.699951171875
hindunilvr,2026-08-20,2022.9000244140625,2043.5999755859373,2018.199951171875,2028.0,2043.5,2020.5,2022.9000244140625,2028.0
hindunilvr,2026-08-21,2028.0,2034.699951171875,2012.0,2015.0,2032.5999755859373,2012.0,2027.5,2015.0
hindunilvr,2026-08-24,2019.9000244140625,2030.0,2006.199951171875,2030.0,2030.0,2007.0,2016.0,2030.0
hindunilvr,2026-08-25,2024.0,2029.199951171875,2012.0,2024.199951171875,2028.199951171875,2012.0,2024.0,2024.199951171875
hindunilvr,2026-08-26,2030.300048828125,2051.89990234375,2021.0,2021.0,2051.89990234375,2021.0,2031.0,2021.0
hindunilvr,2026-08-27,2020.0,2028.0,2004.300048828125,2009.0,2026.9000244140625,2004.300048828125,2021.699951171875,2009.0
hindunilvr,2026-08-28,2018.0,2018.0,1997.5,2010.4000244140625,2010.9000244140625,1997.800048828125,2004.0999755859373,2010.4000244140625
hindunilvr,2026-08-31,2001.0999755859373,2008.5999755859373,1967.4000244140625,1967.4000244140625,2008.0,1967.4000244140625,2001.0,1967.4000244140625
hindunilvr,2026-09-01,1987.0,2003.0,1980.0,1994.800048828125,2002.5999755859373,1980.0,1986.800048828125,1994.800048828125
hindunilvr,2026-09-02,1983.0,1983.800048828125,1962.300048828125,1975.0,1982.0999755859373,1963.0,1982.0999755859373,1975.0
hindunilvr,2026-09-03,1978.9000244140625,1978.9000244140625,1959.9000244140625,1962.0,1976.0,1960.0,1976.0,1962.0
hindunilvr,2026-09-04,1967.0,1984.199951171875,1950.4000244140625,1973.4000244140625,1984.0,1951.300048828125,1967.0999755859373,1973.4000244140625
hindunilvr,2026-09-07,1972.0,1974.199951171875,1958.0,1960.0,1972.0,1959.9000244140625,1971.4000244140625,1960.0
hindunilvr,2026-09-08,1967.0,1990.800048828125,1956.699951171875,1980.0,1989.9000244140625,1957.0,1966.4000244140625,1980.0
hindunilvr,2026-09-09,1973.0,1979.5999755859373,1936.0,1945.0,1972.5,1936.0,1972.5,1945.0
hindunilvr,2026-09-10,1940.0,1950.0,1936.0,1942.300048828125,1950.0,1936.699951171875,1940.199951171875,1942.300048828125
hindunilvr,2026-09-11,1930.5,1946.5999755859373,1926.199951171875,1927.0,1946.5999755859373,1927.0,1932.199951171875,1927.0
hindunilvr,2026-09-15,1944.0,1969.4000244140625,1933.800048828125,1938.0999755859373,1969.0,1936.5999755859373,1943.0,1938.0999755859373
hindunilvr,2026-09-16,1944.0999755859373,1977.0,1943.5,1962.0,1977.0,1945.0,1945.0,1962.0
hindunilvr,2026-09-17,1962.0,1968.9000244140625,1942.199951171875,1942.199951171875,1967.5,1942.199951171875,1962.199951171875,1942.199951171875
hindunilvr,2026-09-18,1950.0,1959.5999755859373,1932.0,1932.0,1959.4000244140625,1932.0,1951.0,1932.0
hindunilvr,2026-09-21,1940.0,1966.5999755859373,1939.0,1947.0,1966.0,1940.800048828125,1940.800048828125,1947.0
hindunilvr,2026-09-22,1952.0,1956.800048828125,1933.800048828125,1933.800048828125,1955.5999755859373,1933.800048828125,1952.0,1933.800048828125
hindunilvr,2026-09-23,1938.0,1954.0,1936.0,1950.0,1952.4000244140625,1937.0,1941.0,1950.0
hindunilvr,2026-09-24,1940.0,1953.0,1925.5,1933.5,1953.0,1925.5,1946.800048828125,1933.5
hindunilvr,2026-09-25,1933.5,1942.9000244140625,1915.0,1942.9000244140625,1942.9000244140625,1915.0999755859373,1933.300048828125,1942.9000244140625
hindunilvr,2026-09-28,1932.0999755859373,1933.199951171875,1893.199951171875,1896.0,1933.199951171875,1893.800048828125,1933.199951171875,1896.0
hindunilvr,2026-09-29,1896.0,1898.9000244140625,1863.800048828125,1863.800048828125,1895.5,1863.800048828125,1892.0999755859373,1863.800048828125
hindunilvr,2026-09-30,1871.4000244140625,1889.5999755859373,1865.199951171875,1879.0999755859373,1889.5999755859373,1865.4000244140625,1873.0,1879.0999755859373
hindunilvr,2026-10-01,1870.0999755859373,1873.5999755859373,1826.9000244140625,1836.0,1868.199951171875,1828.0,1868.199951171875,1836.0
icicibank,2026-08-18,1410.0,1416.5999755859375,1406.300048828125,1412.0,1416.5999755859375,1406.300048828125,1412.0,1412.0
icicibank,2026-08-19,1412.0,1416.0,1391.5,1402.0,1414.800048828125,1391.5,1414.800048828125,1402.0
icicibank,2026-08-20,1407.800048828125,1413.0,1403.300048828125,1411.9000244140625,1413.0,1405.0999755859375,1407.5,1411.9000244140625
icicibank,2026-08-21,1417.0,1420.0,1411.199951171875,1420.0,1420.0,1411.5,1414.800048828125,1420.0
icicibank,2026-08-24,1420.5,1425.5,1408.699951171875,1415.0,1425.5,1408.800048828125,1420.4000244140625,1415.0
icicibank,2026-08-25,1408.0,1424.9000244140625,1408.0,1422.699951171875,1424.9000244140625,1409.5,1412.199951171875,1422.699951171875
icicibank,2026-08-26,1423.0999755859375,1446.0,1423.0999755859375,1430.0,1446.0,1424.5999755859375,1424.5999755859375,1430.0
icicibank,2026-08-27,1445.0,1453.800048828125,1433.0999755859375,1443.0,1453.300048828125,1433.0999755859375,1437.300048828125,1443.0
icicibank,2026-08-28,1435.0,1439.800048828125,1418.9000244140625,1422.800048828125,1438.699951171875,1418.9000244140625,1435.0,1422.800048828125
icicibank,2026-08-31,1422.800048828125,1454.0,1419.0,1454.0,1454.0,1419.0,1425.0999755859375,1454.0
icicibank,2026-09-01,1442.9000244140625,1446.699951171875,1422.800048828125,1438.0,1446.699951171875,1425.0999755859375,1442.5,1438.0
icicibank,2026-09-02,1425.0999755859375,1436.0,1420.699951171875,1426.5,1434.800048828125,1420.9000244140625,1427.300048828125,1426.5
icicibank,2026-09-03,1438.300048828125,1452.0,1430.0,1430.0,1452.0,1430.0,1438.699951171875,1430.0
icicibank,2026-09-04,1432.0999755859375,1438.300048828125,1421.4000244140625,1423.199951171875,1438.0999755859375,1422.300048828125,1433.0,1423.199951171875
icicibank,2026-09-07,1428.0,1434.4000244140625,1422.5999755859375,1427.5,1434.0999755859375,1422.699951171875,1427.0,1427.5
icicibank,2026-09-08,1424.0,1424.9000244140625,1396.300048828125,1399.4000244140625,1423.9000244140625,1396.300048828125,1423.9000244140625,1399.4000244140625
icicibank,2026-09-09,1395.9000244140625,1402.5,1385.5,1389.0999755859375,1402.5,1385.9000244140625,1395.5,1389.0999755859375
icicibank,2026-09-10,1385.9000244140625,1393.0,1373.9000244140625,1384.5,1392.800048828125,1374.199951171875,1385.5999755859375,1384.5
icicibank,2026-09-11,1371.5999755859375,1389.0,1367.5999755859375,1379.300048828125,1388.9000244140625,1367.9000244140625,1372.699951171875,1379.300048828125
icicibank,2026-09-15,1379.300048828125,1390.0,1350.4000244140625,1350.4000244140625,1384.0999755859375,1350.4000244140625,1380.800048828125,1350.4000244140625
icicibank,2026-09-16,1359.0,1361.4000244140625,1348.0,1358.800048828125,1361.4000244140625,1348.0,1358.199951171875,1358.800048828125
icicibank,2026-09-17,1352.0,1363.0,1347.5999755859375,1347.5999755859375,1363.0,1347.5999755859375,1353.199951171875,1347.5999755859375
icicibank,2026-09-18,1351.9000244140625,1359.800048828125,1338.9000244140625,1338.9000244140625,1359.5,1338.9000244140625,1351.0,1338.9000244140625
icicibank,2026-09-21,1347.800048828125,1352.0,1340.4000244140625,1345.0,1351.9000244140625,1340.699951171875,1345.300048828125,1345.0
icicibank,2026-09-22,1343.0,1347.199951171875,1333.800048828125,1339.5999755859375,1347.0,1333.800048828125,1345.699951171875,1339.5999755859375
icicibank,2026-09-23,1339.9000244140625,1344.5,1333.5,1340.0,1344.4000244140625,1333.9000244140625,1337.9000244140625,1340.0
icicibank,2026-09-24,1333.0999755859375,1347.800048828125,1330.0999755859375,1334.5,1347.800048828125,1330.199951171875,1338.0,1334.5
icicibank,2026-09-25,1332.9000244140625,1340.800048828125,1312.0,1326.800048828125,1340.199951171875,1318.0999755859375,1332.0,1326.800048828125
icicibank,2026-09-28,1321.0999755859375,1323.800048828125,1300.0,1302.0,1322.0,1300.0999755859375,1322.0,1302.0
icicibank,2026-09-29,1295.699951171875,1304.800048828125,1291.0,1292.199951171875,1304.5,1291.0999755859375,1296.0999755859375,1292.199951171875
icicibank,2026-09-30,1295.300048828125,1337.0,1295.300048828125,1321.699951171875,1337.0,1297.0,1297.0,1321.699951171875
icicibank,2026-10-01,1316.0,1329.9000244140625,1308.4000244140625,1310.5999755859375,1329.800048828125,1308.800048828125,1316.699951171875,1310.5999755859375
indigo,2026-08-18,5220.0,5238.0,5138.0,5220.0,5237.0,5177.5,5177.5,5220.0
indigo,2026-08-19,5189.5,5218.0,5149.5,5193.0,5218.0,5155.5,5155.5,5193.0
indigo,2026-08-20,5235.0,5235.0,5152.0,5165.0,5228.0,5153.0,5228.0,5165.0
indigo,2026-08-21,5155.0,5172.5,5055.5,5110.0,5167.0,5055.5,5159.0,5110.0
indigo,2026-08-24,5100.0,5170.0,5088.0,5115.0,5169.0,5088.0,5116.0,5115.0
indigo,2026-08-25,5088.0,5227.5,5080.5,5218.0,5227.5,5082.5,5112.0,5218.0
indigo,2026-08-26,5275.0,5280.0,5221.5,5250.5,5278.0,5221.5,5265.0,5250.5
indigo,2026-08-27,5255.0,5258.5,5178.0,5189.0,5255.5,5178.0,5253.0,5189.0
indigo,2026-08-28,5199.0,5200.5,5137.5,5166.0,5195.0,5138.0,5192.5,5166.0
indigo,2026-08-31,5130.0,5234.0,5056.5,5234.0,5234.0,5062.5,5115.0,5234.0
indigo,2026-09-01,5065.0,5106.5,5010.0,5052.0,5106.5,5010.0,5088.5,5052.0
indigo,2026-09-02,4957.0,5020.0,4908.5,5020.0,5020.0,4912.0,4940.0,5020.0
indigo,2026-09-03,5035.0,5047.0,4925.0,4980.0,5038.5,4925.0,5034.5,4980.0
indigo,2026-09-04,4980.0,5035.0,4977.0,4977.0,5034.0,4977.0,4988.0,4977.0
indigo,2026-09-07,4950.0,5008.0,4944.0,5001.0,5005.0,4947.5,4951.5,5001.0
indigo,2026-09-08,4971.0,5022.5,4952.0,5000.0,5022.0,4954.5,4971.0,5000.0
indigo,2026-09-09,4950.0,5009.0,4950.0,4975.0,5008.5,4950.5,4971.0,4975.0
indigo,2026-09-10,4964.5,4966.0,4877.0,4945.0,4963.0,4878.0,4945.0,4945.0
indigo,2026-09-11,4875.0,4973.0,4822.0,4973.0,4973.0,4822.0,4862.0,4973.0
indigo,2026-09-15,4955.5,4963.5,4773.0,4776.0,4949.0,4774.0,4949.0,4776.0
indigo,2026-09-16,4799.5,4806.0,4701.5,4733.5,4806.0,4704.5,4804.0,4733.5
indigo,2026-09-17,4746.5,4855.5,4746.5,4845.0,4853.0,4753.0,4770.5,4845.0
indigo,2026-09-18,4925.0,4970.0,4881.0,4920.0,4969.5,4881.0,4926.5,4920.0
indigo,2026-09-21,4925.0,5030.5,4925.0,4941.0,5030.0,4934.5,4954.5,4941.0
indigo,2026-09-22,5000.0,5064.0,4943.0,5030.0,5064.0,4943.0,4996.0,5030.0
indigo,2026-09-23,5026.0,5061.0,5000.0,5028.5,5055.0,5001.0,5044.5,5028.5
indigo,2026-09-24,4975.0,4975.0,4874.5,4890.0,4970.5,4875.5,4951.0,4890.0
indigo,2026-09-25,4890.0,4956.0,4890.0,4940.0,4954.0,4891.0,4898.5,4940.0
indigo,2026-09-28,4933.0,4933.0,4845.0,4874.5,4906.0,4845.5,4904.0,4874.5
indigo,2026-09-29,4870.0,4898.0,4851.0,4872.0,4897.0,4851.5,4863.0,4872.0
indigo,2026-09-30,4915.5,5021.5,4893.5,4984.0,5016.5,4895.0,4922.5,4984.0
indigo,2026-10-01,4936.0,5016.2001953125,4878.0,4929.89990234375,5015.10009765625,4878.0,4936.10009765625,4929.89990234375
infy,2026-08-18,1124.5,1131.9000244140625,1112.5,1115.0,1128.5999755859375,1112.699951171875,1122.5,1115.0
infy,2026-08-19,1125.5999755859375,1134.699951171875,1113.800048828125,1119.800048828125,1134.4000244140625,1113.800048828125,1126.300048828125,1119.800048828125
infy,2026-08-20,1143.0,1144.699951171875,1125.699951171875,1130.0,1142.9000244140625,1125.699951171875,1141.0,1130.0
infy,2026-08-21,1133.0,1133.5,1118.0,1121.0,1133.0999755859375,1118.4000244140625,1133.0999755859375,1121.0
infy,2026-08-24,1126.5,1144.5,1122.0,1130.0,1144.5,1122.199951171875,1127.4000244140625,1130.0
infy,2026-08-25,1132.0,1144.0,1119.9000244140625,1144.0,1144.0,1120.5999755859375,1131.5,1144.0
infy,2026-08-26,1142.0,1142.0,1118.300048828125,1120.0,1140.199951171875,1118.5,1140.199951171875,1120.0
infy,2026-08-27,1120.0,1130.699951171875,1107.199951171875,1110.800048828125,1130.4000244140625,1107.5999755859375,1121.0,1110.800048828125
infy,2026-08-28,1123.5999755859375,1145.0,1123.300048828125,1144.0,1144.9000244140625,1125.5999755859375,1128.0,1144.0
infy,2026-08-31,1138.5999755859375,1143.9000244140625,1111.0999755859375,1133.800048828125,1143.4000244140625,1111.699951171875,1142.9000244140625,1133.800048828125
infy,2026-09-01,1128.0,1156.0,1125.5999755859375,1156.0,1156.0,1126.300048828125,1129.5999755859375,1156.0
infy,2026-09-02,1137.699951171875,1147.800048828125,1118.5999755859375,1140.0,1146.699951171875,1118.5999755859375,1138.5999755859375,1140.0
infy,2026-09-03,1144.0,1144.0,1122.5,1130.300048828125,1142.699951171875,1122.5,1142.5,1130.300048828125
infy,2026-09-04,1133.0,1146.699951171875,1125.4000244140625,1130.0,1146.699951171875,1126.800048828125,1133.199951171875,1130.0
infy,2026-09-07,1109.5,1109.9000244140625,1085.0,1087.5,1109.9000244140625,1085.5999755859375,1105.0,1087.5
infy,2026-09-08,1095.0,1095.0,1078.9000244140625,1082.0,1091.699951171875,1079.0,1090.800048828125,1082.0
infy,2026-09-09,1059.0,1059.0,1026.5,1035.0,1058.0999755859375,1026.699951171875,1058.0999755859375,1035.0
infy,2026-09-10,1039.5999755859375,1046.5999755859375,1027.300048828125,1036.5,1046.5,1027.800048828125,1040.0,1036.5
infy,2026-09-11,1032.0,1047.300048828125,1029.699951171875,1037.699951171875,1047.0999755859375,1030.5999755859375,1031.5,1037.699951171875
infy,2026-09-15,1085.0,1097.699951171875,1071.699951171875,1077.0,1097.5999755859375,1071.9000244140625,1085.0,1077.0
infy,2026-09-16,1082.5,1085.0999755859375,1053.5,1060.0,1084.5,1053.5,1083.800048828125,1060.0
infy,2026-09-17,1054.9000244140625,1063.5999755859375,1048.5999755859375,1058.5999755859375,1063.5,1048.5999755859375,1054.5999755859375,1058.5999755859375
infy,2026-09-18,1061.9000244140625,1061.9000244140625,1038.0,1051.4000244140625,1052.4000244140625,1038.0,1052.4000244140625,1051.4000244140625
infy,2026-09-21,1041.5,1044.5,1030.300048828125,1038.5,1044.5,1030.5,1039.5999755859375,1038.5
infy,2026-09-22,1037.699951171875,1041.0,1019.2000122070312,1029.4000244140625,1038.4000244140625,1019.2000122070312,1037.699951171875,1029.4000244140625
infy,2026-09-23,1021.7999877929688,1029.4000244140625,1015.0999755859376,1020.5,1029.4000244140625,1015.0999755859376,1025.9000244140625,1020.5
infy,2026-09-24,1015.0,1022.7999877929688,1005.2000122070312,1014.5,1022.0,1005.2000122070312,1015.0,1014.5
infy,2026-09-25,999.5,1004.2000122070312,991.5999755859376,1000.2000122070312,1004.0999755859376,991.7000122070312,1001.4000244140624,1000.2000122070312
infy,2026-09-28,1002.0,1009.5,986.5999755859376,1003.2000122070312,1009.5,986.5999755859376,1001.7000122070312,1003.2000122070312
infy,2026-09-29,1002.5999755859376,1015.4000244140624,980.4000244140624,1015.4000244140624,1015.4000244140624,980.4000244140624,1002.5999755859376,1015.4000244140624
infy,2026-09-30,1004.0,1024.0,992.2000122070312,994.0999755859376,1023.5999755859376,992.5,1003.7000122070312,994.0999755859376
infy,2026-10-01,1010.0,1035.0,999.1500244140624,1035.0,1035.0,999.4000244140624,1006.8499755859376,1035.0
itc,2026-08-18,273.04998779296875,273.6499938964844,269.1499938964844,270.0,273.54998779296875,269.20001220703125,273.0,270.0
itc,2026-08-19,270.0,270.95001220703125,265.8500061035156,267.04998779296875,270.95001220703125,265.8500061035156,270.1499938964844,267.04998779296875
itc,2026-08-20,268.20001220703125,271.6499938964844,265.0,271.6499938964844,271.6499938964844,265.0,268.1000061035156,271.6499938964844
itc,2026-08-21,271.6000061035156,271.6000061035156,269.0,269.3999938964844,271.29998779296875,269.1000061035156,271.1499938964844,269.3999938964844
itc,2026-08-24,270.6000061035156,270.6000061035156,267.0,269.70001220703125,270.45001220703125,267.0,270.3999938964844,269.70001220703125
itc,2026-08-25,269.70001220703125,271.3999938964844,267.6499938964844,271.3999938964844,271.3999938964844,267.75,269.25,271.3999938964844
itc,2026-08-26,271.8500061035156,273.95001220703125,270.25,270.25,273.95001220703125,270.25,271.79998779296875,270.25
itc,2026-08-27,269.5,271.25,268.0,269.0,271.1000061035156,268.04998779296875,270.20001220703125,269.0
itc,2026-08-28,269.0,269.0,264.79998779296875,266.0,268.5,264.8500061035156,267.95001220703125,266.0
itc,2026-08-31,266.0,266.54998779296875,255.5,255.5,266.20001220703125,255.5,266.20001220703125,264.3999938964844
itc,2026-09-01,261.5,268.20001220703125,261.5,266.6000061035156,268.1000061035156,261.5,261.5,266.6000061035156
itc,2026-09-02,266.0,269.0,262.79998779296875,266.29998779296875,269.0,263.0,265.1000061035156,266.29998779296875
itc,2026-09-03,266.5,267.6000061035156,262.3500061035156,263.0,267.25,262.45001220703125,266.5,263.0
itc,2026-09-04,264.0,266.25,262.6499938964844,264.1000061035156,266.25,262.70001220703125,263.95001220703125,264.1000061035156
itc,2026-09-07,264.1000061035156,264.95001220703125,262.95001220703125,263.5,264.8999938964844,263.04998779296875,264.20001220703125,263.5
itc,2026-09-08,263.5,265.8999938964844,262.70001220703125,263.5,265.8999938964844,262.75,264.0,263.5
itc,2026-09-09,263.6499938964844,264.5,260.20001220703125,260.79998779296875,264.5,260.6499938964844,263.6499938964844,260.79998779296875
itc,2026-09-10,261.0,263.8999938964844,259.1000061035156,259.29998779296875,263.8500061035156,259.25,261.20001220703125,259.29998779296875
itc,2026-09-11,258.0,261.6499938964844,257.70001220703125,259.8500061035156,261.6000061035156,258.0,258.0,259.8500061035156
itc,2026-09-15,261.0,264.20001220703125,258.0,258.0,264.1499938964844,258.0,261.25,258.0
itc,2026-09-16,259.3999938964844,264.8999938964844,259.29998779296875,264.1499938964844,264.8999938964844,259.3999938964844,259.6000061035156,264.1499938964844
itc,2026-09-17,264.79998779296875,268.5,264.1000061035156,266.20001220703125,268.5,264.5,264.5,266.20001220703125
itc,2026-09-18,266.6000061035156,266.6000061035156,262.29998779296875,262.29998779296875,266.0,262.29998779296875,265.8999938964844,262.29998779296875
itc,2026-09-21,263.54998779296875,267.95001220703125,263.54998779296875,267.0,267.79998779296875,263.6499938964844,263.6499938964844,267.0
itc,2026-09-22,267.8999938964844,268.25,264.75,265.79998779296875,268.25,264.79998779296875,267.54998779296875,265.79998779296875
itc,2026-09-23,265.8500061035156,271.04998779296875,265.1499938964844,270.1499938964844,271.0,265.25,265.75,270.1499938964844
itc,2026-09-24,268.70001220703125,270.29998779296875,266.70001220703125,268.0,270.1000061035156,266.79998779296875,269.0,268.0
itc,2026-09-25,268.1000061035156,269.0,266.29998779296875,269.0,269.0,266.3500061035156,267.6499938964844,269.0
itc,2026-09-28,269.0,269.29998779296875,265.0,265.20001220703125,269.29998779296875,265.20001220703125,269.29998779296875,265.20001220703125
itc,2026-09-29,265.45001220703125,266.75,263.29998779296875,265.1000061035156,266.75,263.29998779296875,265.3999938964844,265.1000061035156
itc,2026-09-30,265.0,266.8999938964844,261.3999938964844,262.75,266.8999938964844,261.6000061035156,265.29998779296875,262.75
itc,2026-10-01,262.70001220703125,262.70001220703125,254.6499938964844,255.8999938964844,262.3500061035156,254.75,262.3500061035156,255.8999938964844
jiofin,2026-08-18,248.8999938964844,248.8999938964844,245.8000030517578,245.8000030517578,248.1999969482422,245.8000030517578,248.1999969482422,245.8000030517578
jiofin,2026-08-19,245.8000030517578,246.3000030517578,241.5,243.1499938964844,246.1000061035156,241.75,245.8500061035156,243.1499938964844
jiofin,2026-08-20,244.0,247.25,243.75,244.6000061035156,247.1999969482422,243.75,244.8000030517578,244.6000061035156
jiofin,2026-08-21,244.3000030517578,245.8000030517578,243.5,244.0,245.75,243.5,245.0500030517578,244.0
jiofin,2026-08-24,244.5500030517578,245.3500061035156,242.0,242.0,245.3500061035156,242.0,244.25,242.0
jiofin,2026-08-25,242.0,243.1499938964844,240.3999938964844,243.1499938964844,243.1499938964844,240.3999938964844,242.0,243.1499938964844
jiofin,2026-08-26,244.1499938964844,245.0,241.0,241.0,245.0,241.0,244.6000061035156,241.0
jiofin,2026-08-27,242.0,242.6499938964844,238.1000061035156,238.1000061035156,242.6000061035156,238.1000061035156,242.1499938964844,238.1000061035156
jiofin,2026-08-28,238.6000061035156,240.0,237.6000061035156,238.3999938964844,239.6499938964844,237.6000061035156,238.8500061035156,238.3999938964844
jiofin,2026-08-31,238.0,241.3500061035156,235.5,241.3500061035156,241.3500061035156,235.6000061035156,237.8999938964844,241.3500061035156
jiofin,2026-09-01,240.0,240.00999450683597,235.00999450683597,235.8500061035156,239.22999572753903,235.05999755859372,239.22999572753903,235.8500061035156
jiofin,2026-09-02,234.0,237.3999938964844,232.3000030517578,236.8999938964844,237.25999450683597,232.38999938964844,233.00999450683597,236.8999938964844
jiofin,2026-09-03,236.8999938964844,240.47999572753903,236.3999938964844,237.4499969482422,240.3500061035156,236.5399932861328,237.0,237.4499969482422
jiofin,2026-09-04,237.8000030517578,240.6300048828125,237.8000030517578,239.5,240.6100006103516,237.8000030517578,237.8000030517578,239.5
jiofin,2026-09-07,239.0,239.3000030517578,234.3999938964844,234.3999938964844,239.2899932861328,234.3999938964844,239.25,234.3999938964844
jiofin,2026-09-08,234.75,234.75,232.6000061035156,233.1499938964844,234.6999969482422,232.66000366210935,234.2400054931641,233.1499938964844
jiofin,2026-09-09,232.5,232.97000122070312,230.6300048828125,231.0,232.3999938964844,230.6499938964844,232.0500030517578,231.0
jiofin,2026-09-10,230.82000732421875,232.2700042724609,229.1000061035156,230.25,232.25,229.1000061035156,230.75,230.25
jiofin,2026-09-11,228.6999969482422,231.3699951171875,226.44000244140625,229.8999938964844,231.32000732421875,226.4499969482422,228.25,229.8999938964844
jiofin,2026-09-15,230.5,231.8000030517578,225.6000061035156,225.6000061035156,231.8000030517578,225.6000061035156,230.5,225.6000061035156
jiofin,2026-09-16,226.5,228.22000122070312,224.83999633789065,224.83999633789065,228.1699981689453,224.83999633789065,226.5800018310547,224.83999633789065
jiofin,2026-09-17,225.0,230.3600006103516,225.0,229.3000030517578,230.3300018310547,225.32000732421875,225.3999938964844,229.3000030517578
jiofin,2026-09-18,230.0,232.0,229.88999938964844,229.88999938964844,232.0,229.88999938964844,230.47000122070312,229.88999938964844
jiofin,2026-09-21,230.8000030517578,231.75,229.5500030517578,229.97000122070312,231.75,229.57000732421875,231.27999877929688,229.97000122070312
jiofin,2026-09-22,231.3000030517578,234.0,229.33999633789065,230.6999969482422,234.0,229.33999633789065,231.7400054931641,230.6999969482422
jiofin,2026-09-23,230.6999969482422,232.3999938964844,230.5500030517578,232.1499938964844,232.3999938964844,230.5500030517578,230.5500030517578,232.1499938964844
jiofin,2026-09-24,229.8300018310547,230.6000061035156,226.6999969482422,227.1999969482422,230.5399932861328,226.6999969482422,229.8300018310547,227.1999969482422
jiofin,2026-09-25,227.1999969482422,227.83999633789065,225.4499969482422,227.0,227.77999877929688,225.4499969482422,227.05999755859372,227.0
jiofin,2026-09-28,227.0,227.0,218.8000030517578,220.5,226.8000030517578,219.1100006103516,226.8000030517578,220.5
jiofin,2026-09-29,220.5,220.5,215.3600006103516,217.55999755859372,220.1499938964844,215.42999267578125,220.1499938964844,217.55999755859372
jiofin,2026-09-30,218.0,220.38999938964844,215.63999938964844,216.8800048828125,220.3000030517578,215.6499938964844,217.8999938964844,216.8800048828125
jiofin,2026-10-01,216.0,216.1999969482422,208.5,212.5,216.0800018310547,208.5399932861328,215.80999755859372,212.5
jswsteel,2026-08-18,1275.0,1285.800048828125,1265.0,1267.5999755859375,1285.300048828125,1265.0,1277.4000244140625,1267.5999755859375
jswsteel,2026-08-19,1273.699951171875,1285.800048828125,1262.0999755859375,1285.800048828125,1285.800048828125,1262.0999755859375,1268.0,1285.800048828125
jswsteel,2026-08-20,1298.5,1310.5999755859375,1281.5,1299.699951171875,1310.5999755859375,1281.5,1298.5,1299.699951171875
jswsteel,2026-08-21,1298.0,1298.800048828125,1280.5,1293.699951171875,1296.4000244140625,1280.5999755859375,1296.4000244140625,1293.699951171875
jswsteel,2026-08-24,1298.0,1327.0,1295.300048828125,1327.0,1327.0,1295.5,1300.0,1327.0
jswsteel,2026-08-25,1326.0,1326.300048828125,1310.0999755859375,1320.300048828125,1326.199951171875,1310.0999755859375,1325.0,1320.300048828125
jswsteel,2026-08-26,1329.0,1341.0,1310.4000244140625,1341.0,1341.0,1310.9000244140625,1325.9000244140625,1341.0
jswsteel,2026-08-27,1351.0,1351.0,1330.0,1337.5,1349.5999755859375,1330.300048828125,1349.0,1337.5
jswsteel,2026-08-28,1335.199951171875,1344.0,1320.4000244140625,1334.9000244140625,1343.5,1321.4000244140625,1333.5,1334.9000244140625
jswsteel,2026-08-31,1323.800048828125,1326.800048828125,1303.300048828125,1307.699951171875,1322.5,1303.699951171875,1321.9000244140625,1307.699951171875
jswsteel,2026-09-01,1314.5999755859375,1328.0,1307.0999755859375,1313.5,1326.9000244140625,1308.0999755859375,1315.0,1313.5
jswsteel,2026-09-02,1308.0999755859375,1309.800048828125,1299.4000244140625,1306.0,1309.199951171875,1299.5,1303.0,1306.0
jswsteel,2026-09-03,1315.0,1325.0,1295.0,1308.0,1325.0,1295.5,1312.0999755859375,1308.0
jswsteel,2026-09-04,1305.0,1331.699951171875,1300.0999755859375,1325.0,1331.5999755859375,1300.0999755859375,1309.199951171875,1325.0
jswsteel,2026-09-07,1334.300048828125,1335.0,1301.0,1302.0,1334.0,1301.0999755859375,1332.0,1302.0
jswsteel,2026-09-08,1306.4000244140625,1315.0,1295.699951171875,1297.300048828125,1315.0,1295.800048828125,1308.800048828125,1297.300048828125
jswsteel,2026-09-09,1303.9000244140625,1313.0,1290.0999755859375,1310.0,1313.0,1290.0999755859375,1302.0,1310.0
jswsteel,2026-09-10,1301.0,1311.300048828125,1292.699951171875,1304.0,1311.0999755859375,1293.199951171875,1304.300048828125,1304.0
jswsteel,2026-09-11,1281.0,1286.9000244140625,1265.0,1265.0,1286.4000244140625,1265.0,1284.4000244140625,1265.0
jswsteel,2026-09-15,1265.0,1267.699951171875,1229.199951171875,1229.199951171875,1265.699951171875,1229.199951171875,1265.699951171875,1229.199951171875
jswsteel,2026-09-16,1244.0,1250.199951171875,1227.0,1248.9000244140625,1249.199951171875,1227.4000244140625,1234.699951171875,1248.9000244140625
jswsteel,2026-09-17,1248.9000244140625,1260.0,1242.0999755859375,1253.4000244140625,1256.9000244140625,1242.4000244140625,1245.199951171875,1253.4000244140625
jswsteel,2026-09-18,1270.0999755859375,1278.699951171875,1262.699951171875,1275.5999755859375,1278.5999755859375,1263.0,1271.4000244140625,1275.5999755859375
jswsteel,2026-09-21,1281.300048828125,1287.0,1268.5999755859375,1268.5999755859375,1283.0999755859375,1268.5999755859375,1282.300048828125,1268.5999755859375
jswsteel,2026-09-22,1274.699951171875,1277.5,1264.4000244140625,1267.0,1275.9000244140625,1264.699951171875,1274.699951171875,1267.0
jswsteel,2026-09-23,1273.0,1304.0,1270.800048828125,1297.800048828125,1304.0,1271.9000244140625,1271.9000244140625,1297.800048828125
jswsteel,2026-09-24,1289.0,1298.4000244140625,1272.199951171875,1273.199951171875,1297.800048828125,1272.4000244140625,1286.0999755859375,1273.199951171875
jswsteel,2026-09-25,1279.0,1288.5999755859375,1266.300048828125,1277.0,1288.5,1266.4000244140625,1279.0999755859375,1277.0
jswsteel,2026-09-28,1278.4000244140625,1278.4000244140625,1254.0999755859375,1264.0999755859375,1276.5999755859375,1254.0999755859375,1276.5999755859375,1264.0999755859375
jswsteel,2026-09-29,1260.699951171875,1272.4000244140625,1246.5999755859375,1272.4000244140625,1272.4000244140625,1247.0,1259.0,1272.4000244140625
jswsteel,2026-09-30,1272.4000244140625,1275.9000244140625,1253.4000244140625,1253.4000244140625,1275.9000244140625,1253.4000244140625,1272.4000244140625,1253.4000244140625
jswsteel,2026-10-01,1253.0,1256.4000244140625,1214.800048828125,1233.0,1256.0,1214.800048828125,1250.9000244140625,1233.0
kotakbank,2026-08-18,391.0,392.8999938964844,387.6499938964844,387.6499938964844,392.8500061035156,387.6499938964844,392.8500061035156,387.6499938964844
kotakbank,2026-08-19,387.0,393.1000061035156,386.75,390.25,392.3999938964844,387.2000122070313,387.2999877929688,390.25
kotakbank,2026-08-20,393.6000061035156,399.5499877929688,393.1499938964844,397.3500061035156,399.5,393.6000061035156,393.6000061035156,397.3500061035156
kotakbank,2026-08-21,398.8999938964844,406.0,398.2999877929688,402.7999877929688,405.8500061035156,398.3999938964844,399.3999938964844,402.7999877929688
kotakbank,2026-08-24,403.5,405.6000061035156,398.2000122070313,401.4500122070313,405.5,398.2000122070313,404.9500122070313,401.4500122070313
kotakbank,2026-08-25,398.2999877929688,402.0499877929688,398.1499938964844,401.6000061035156,401.8500061035156,398.2000122070313,398.7999877929688,401.6000061035156
kotakbank,2026-08-26,402.5,417.4500122070313,401.0,416.7000122070313,417.2000122070313,402.2000122070313,402.2999877929688,416.7000122070313
kotakbank,2026-08-27,415.75,427.7000122070313,415.0,424.2000122070313,427.6499938964844,415.0499877929688,415.0499877929688,424.3500061035156
kotakbank,2026-08-28,424.6000061035156,426.2000122070313,421.0,423.7000122070313,426.0499877929688,421.1000061035156,423.1000061035156,423.7000122070313
kotakbank,2026-08-31,421.0,425.0499877929688,419.3999938964844,419.3999938964844,424.8999938964844,419.3999938964844,422.2999877929688,419.3999938964844
kotakbank,2026-09-01,420.7999877929688,429.1000061035156,420.75,425.0,429.1000061035156,420.8999938964844,421.7000122070313,425.0
kotakbank,2026-09-02,421.8999938964844,425.75,418.9500122070313,423.5,425.7000122070313,419.0,421.5499877929688,423.5
kotakbank,2026-09-03,425.0,426.8999938964844,421.1499938964844,421.1499938964844,426.75,421.1499938964844,424.3999938964844,421.1499938964844
kotakbank,2026-09-04,421.6499938964844,425.9500122070313,421.6499938964844,424.5,425.8999938964844,422.0499877929688,423.1499938964844,424.5
kotakbank,2026-09-07,421.7999877929688,425.7000122070313,421.0,422.1000061035156,425.6499938964844,421.0499877929688,421.7999877929688,422.1000061035156
kotakbank,2026-09-08,422.2999877929688,423.8500061035156,419.0,419.25,423.7999877929688,419.0,423.0,419.25
kotakbank,2026-09-09,418.2000122070313,420.6499938964844,413.9500122070313,414.0,420.4500122070313,414.0,419.25,414.0
kotakbank,2026-09-10,413.7000122070313,416.5499877929688,412.7999877929688,416.5499877929688,416.5499877929688,412.7999877929688,414.1000061035156,416.5499877929688
kotakbank,2026-09-11,412.6000061035156,420.0,409.25,419.0,420.0,409.25,412.5499877929688,419.0
kotakbank,2026-09-15,420.5,420.5,409.7999877929688,409.7999877929688,419.3999938964844,409.7999877929688,419.3999938964844,409.7999877929688
kotakbank,2026-09-16,413.6000061035156,417.0499877929688,409.3500061035156,415.0,416.9500122070313,409.3999938964844,412.5499877929688,415.0
kotakbank,2026-09-17,415.0,417.6000061035156,412.5,416.5,417.6000061035156,412.5499877929688,414.1499938964844,416.5
kotakbank,2026-09-18,415.5,419.2000122070313,412.5,412.5,419.2000122070313,412.5,415.5,412.5
kotakbank,2026-09-21,415.2000122070313,420.6000061035156,414.5499877929688,414.7999877929688,420.5499877929688,414.7999877929688,417.4500122070313,414.7999877929688
kotakbank,2026-09-22,416.5,417.7999877929688,412.5499877929688,412.6499938964844,417.1000061035156,412.6499938964844,417.0,412.6499938964844
kotakbank,2026-09-23,414.6499938964844,417.25,411.3500061035156,413.25,417.25,411.3500061035156,414.6499938964844,413.25
kotakbank,2026-09-24,407.0,410.0,404.2999877929688,405.0,410.0,404.3500061035156,407.0,405.0
kotakbank,2026-09-25,406.8999938964844,407.9500122070313,399.2999877929688,404.0,407.9500122070313,399.4500122070313,406.8999938964844,404.0
kotakbank,2026-09-28,402.0,403.7000122070313,395.75,401.5499877929688,403.6499938964844,396.0,402.0,401.5499877929688
kotakbank,2026-09-29,401.25,409.25,394.7000122070313,406.0,409.1499938964844,394.7000122070313,400.75,406.0
kotakbank,2026-09-30,406.1000061035156,419.1499938964844,405.9500122070313,417.0,419.1000061035156,406.6000061035156,406.6000061035156,417.0
kotakbank,2026-10-01,426.0,435.6000061035156,416.0499877929688,418.3500061035156,435.4500122070313,416.0499877929688,425.6499938964844,418.3500061035156
lt,2026-08-18,4068.0,4085.0,4050.0,4064.300048828125,4085.0,4051.300048828125,4057.800048828125,4064.300048828125
lt,2026-08-19,4064.0,4069.0,4024.800048828125,4041.300048828125,4064.0,4025.0,4064.0,4041.300048828125
lt,2026-08-20,4050.5,4084.89990234375,4048.300048828125,4081.0,4084.800048828125,4050.0,4055.0,4081.0
lt,2026-08-21,4081.0,4100.0,4061.39990234375,4093.0,4099.0,4063.199951171875,4077.0,4093.0
lt,2026-08-24,4100.0,4107.10009765625,4077.699951171875,4090.0,4107.10009765625,4078.0,4101.0,4090.0
lt,2026-08-25,4085.0,4125.2998046875,4066.60009765625,4119.0,4125.0,4066.60009765625,4081.300048828125,4119.0
lt,2026-08-26,4114.0,4124.89990234375,4038.10009765625,4038.10009765625,4124.89990234375,4038.10009765625,4106.5,4038.10009765625
lt,2026-08-27,4058.0,4067.300048828125,4023.0,4027.0,4066.0,4023.0,4056.0,4027.0
lt,2026-08-28,4045.0,4060.0,4021.300048828125,4045.800048828125,4060.0,4022.89990234375,4044.89990234375,4045.800048828125
lt,2026-08-31,4035.10009765625,4044.89990234375,3976.0,4044.89990234375,4044.89990234375,3976.300048828125,4036.89990234375,4044.89990234375
lt,2026-09-01,4038.0,4038.0,3980.10009765625,3980.10009765625,4036.300048828125,3980.10009765625,4024.0,3980.10009765625
lt,2026-09-02,3966.0,4002.300048828125,3956.699951171875,3981.0,4002.0,3957.199951171875,3965.10009765625,3981.0
lt,2026-09-03,3999.800048828125,4027.699951171875,3975.0,3975.0,4026.39990234375,3975.0,3988.199951171875,3975.0
lt,2026-09-04,3981.0,3994.89990234375,3964.10009765625,3964.10009765625,3994.5,3964.10009765625,3989.89990234375,3964.10009765625
lt,2026-09-07,3962.0,4004.89990234375,3960.89990234375,3999.0,4003.800048828125,3962.39990234375,3971.5,3999.0
lt,2026-09-08,3988.699951171875,3988.699951171875,3946.10009765625,3946.10009765625,3988.60009765625,3946.10009765625,3988.60009765625,3946.10009765625
lt,2026-09-09,3935.300048828125,4020.199951171875,3922.60009765625,3922.60009765625,4020.0,3922.60009765625,3941.199951171875,3922.60009765625
lt,2026-09-10,3949.39990234375,3965.5,3910.0,3955.0,3965.300048828125,3910.0,3948.0,3955.0
lt,2026-09-11,3926.0,3948.0,3880.699951171875,3930.699951171875,3939.5,3882.199951171875,3919.800048828125,3930.699951171875
lt,2026-09-15,3959.0,3959.0,3835.699951171875,3850.699951171875,3959.0,3835.699951171875,3959.0,3850.699951171875
lt,2026-09-16,3844.199951171875,3867.89990234375,3799.89990234375,3807.699951171875,3867.0,3800.0,3848.300048828125,3807.699951171875
lt,2026-09-17,3811.0,3875.0,3811.0,3836.199951171875,3875.0,3815.0,3820.10009765625,3836.199951171875
lt,2026-09-18,3846.0,3898.0,3846.0,3885.0,3897.0,3853.10009765625,3853.10009765625,3885.0
lt,2026-09-21,3885.0,3908.699951171875,3883.0,3904.800048828125,3905.10009765625,3884.10009765625,3884.89990234375,3904.800048828125
lt,2026-09-22,3919.60009765625,3930.5,3866.0,3866.39990234375,3928.60009765625,3866.39990234375,3919.60009765625,3866.39990234375
lt,2026-09-23,3870.0,3945.0,3870.0,3929.89990234375,3945.0,3875.0,3875.0,3929.89990234375
lt,2026-09-24,3887.300048828125,3907.0,3849.0,3858.39990234375,3907.0,3849.0,3885.800048828125,3858.39990234375
lt,2026-09-25,3865.0,3887.5,3842.39990234375,3876.199951171875,3887.199951171875,3842.89990234375,3872.0,3876.199951171875
lt,2026-09-28,3857.0,3858.199951171875,3766.39990234375,3766.39990234375,3855.89990234375,3766.39990234375,3848.0,3766.39990234375
lt,2026-09-29,3768.0,3791.800048828125,3740.199951171875,3749.10009765625,3791.800048828125,3740.199951171875,3769.5,3749.10009765625
lt,2026-09-30,3756.199951171875,3786.5,3730.0,3760.0,3785.699951171875,3730.60009765625,3756.89990234375,3760.0
lt,2026-10-01,3726.0,3737.300048828125,3655.89990234375,3693.39990234375,3734.39990234375,3656.10009765625,3731.0,3693.39990234375
m&m,2026-08-18,3390.39990234375,3435.0,3390.199951171875,3421.5,3433.89990234375,3402.199951171875,3403.199951171875,3421.5
m&m,2026-08-19,3396.199951171875,3425.60009765625,3371.10009765625,3415.0,3425.39990234375,3371.199951171875,3413.300048828125,3415.0
m&m,2026-08-20,3424.0,3456.39990234375,3401.0,3424.800048828125,3456.39990234375,3401.0,3424.0,3424.800048828125
m&m,2026-08-21,3431.199951171875,3453.89990234375,3412.199951171875,3412.199951171875,3452.699951171875,3412.199951171875,3431.60009765625,3412.199951171875
m&m,2026-08-24,3419.89990234375,3444.699951171875,3400.0,3414.10009765625,3444.60009765625,3400.0,3420.199951171875,3414.10009765625
m&m,2026-08-25,3414.10009765625,3443.0,3396.800048828125,3443.0,3443.0,3397.10009765625,3418.699951171875,3443.0
m&m,2026-08-26,3435.0,3447.89990234375,3398.199951171875,3398.199951171875,3447.89990234375,3398.199951171875,3436.0,3398.199951171875
m&m,2026-08-27,3410.0,3420.0,3330.0,3330.0,3419.89990234375,3330.0,3410.0,3330.0
m&m,2026-08-28,3331.0,3351.699951171875,3302.0,3334.0,3351.39990234375,3302.39990234375,3340.0,3334.0
m&m,2026-08-31,3320.0,3365.0,3282.0,3282.0,3365.0,3282.0,3310.0,3282.0
m&m,2026-09-01,3367.0,3368.0,3223.0,3259.0,3365.699951171875,3223.0,3365.699951171875,3259.0
m&m,2026-09-02,3223.5,3229.60009765625,3142.5,3190.0,3215.10009765625,3142.89990234375,3215.10009765625,3190.0
m&m,2026-09-03,3200.0,3210.0,3150.0,3150.0,3209.39990234375,3150.0,3209.39990234375,3150.0
m&m,2026-09-04,3158.699951171875,3185.300048828125,3144.199951171875,3170.0,3185.300048828125,3145.0,3156.699951171875,3170.0
m&m,2026-09-07,3154.10009765625,3178.0,3145.0,3160.0,3178.0,3145.199951171875,3159.89990234375,3160.0
m&m,2026-09-08,3145.0,3163.0,3096.300048828125,3160.0,3163.0,3097.0,3154.800048828125,3160.0
m&m,2026-09-09,3135.300048828125,3151.300048828125,3118.0,3150.0,3151.300048828125,3118.10009765625,3142.800048828125,3150.0
m&m,2026-09-10,3141.699951171875,3146.89990234375,3097.699951171875,3123.800048828125,3146.699951171875,3099.0,3146.699951171875,3123.800048828125
m&m,2026-09-11,3110.0,3124.199951171875,3069.10009765625,3107.0,3124.0,3069.10009765625,3092.60009765625,3107.0
m&m,2026-09-15,3114.60009765625,3119.60009765625,3029.5,3029.5,3118.0,3029.5,3115.10009765625,3029.5
m&m,2026-09-16,3044.60009765625,3105.89990234375,3044.60009765625,3070.0,3105.89990234375,3046.10009765625,3049.5,3075.0
m&m,2026-09-17,3047.0,3127.800048828125,3047.0,3076.5,3127.10009765625,3054.89990234375,3054.89990234375,3076.5
m&m,2026-09-18,3082.0,3098.199951171875,3052.0,3052.0,3097.300048828125,3052.0,3081.0,3052.0
m&m,2026-09-21,3065.0,3088.0,3055.300048828125,3055.300048828125,3088.0,3055.300048828125,3065.10009765625,3055.300048828125
m&m,2026-09-22,3066.0,3093.699951171875,3035.0,3044.5,3089.800048828125,3035.0,3070.0,3044.5
m&m,2026-09-23,3048.39990234375,3052.0,3022.39990234375,3035.0,3051.0,3022.39990234375,3045.199951171875,3035.0
m&m,2026-09-24,3028.800048828125,3039.0,2982.699951171875,2982.699951171875,3039.0,2982.699951171875,3021.300048828125,2982.699951171875
m&m,2026-09-25,2965.0,3045.0,2965.0,3035.0,3045.0,2967.10009765625,2979.39990234375,3035.0
m&m,2026-09-28,3017.300048828125,3019.89990234375,2977.60009765625,2995.0,3019.699951171875,2977.89990234375,3017.60009765625,2995.0
m&m,2026-09-29,2986.0,2991.0,2947.800048828125,2947.800048828125,2991.0,2947.800048828125,2989.300048828125,2947.800048828125
m&m,2026-09-30,2925.0,2986.0,2925.0,2950.0,2986.0,2932.10009765625,2936.89990234375,2950.0
m&m,2026-10-01,2926.0,2927.39990234375,2812.0,2860.0,2906.0,2812.199951171875,2906.0,2860.0
maruti,2026-08-18,13762.0,13890.0,13691.0,13691.0,13890.0,13691.0,13818.0,13691.0
maruti,2026-08-19,13744.0,13745.0,13628.0,13690.0,13734.0,13628.0,13661.0,13690.0
maruti,2026-08-20,13758.0,13826.0,13681.0,13809.0,13826.0,13681.0,13758.0,13809.0
maruti,2026-08-21,13809.0,13809.0,13565.0,13565.0,13809.0,13565.0,13809.0,13565.0
maruti,2026-08-24,13623.0,13694.0,13505.0,13620.0,13681.0,13506.0,13639.0,13620.0
maruti,2026-08-25,13609.0,13678.0,13450.0,13678.0,13678.0,13450.0,13584.0,13678.0
maruti,2026-08-26,13750.0,13750.0,13514.0,13520.0,13722.0,13520.0,13687.0,13520.0
maruti,2026-08-27,13520.0,13580.0,13404.0,13440.0,13569.0,13404.0,13528.0,13440.0
maruti,2026-08-28,13500.0,13525.0,13318.0,13376.0,13516.0,13318.0,13490.0,13376.0
maruti,2026-08-31,13375.0,13547.0,13268.0,13547.0,13547.0,13271.0,13372.0,13547.0
maruti,2026-09-01,13540.0,13540.0,12851.0,12950.0,13454.0,12852.0,13447.0,12950.0
maruti,2026-09-02,12763.0,12888.0,12640.0,12849.0,12887.0,12640.0,12800.0,12849.0
maruti,2026-09-03,12853.0,12927.0,12780.0,12857.0,12925.0,12783.0,12855.0,12857.0
maruti,2026-09-04,12880.0,12880.0,12656.0,12694.0,12842.0,12656.0,12842.0,12694.0
maruti,2026-09-07,12691.0,12833.0,12618.0,12760.0,12833.0,12627.0,12653.0,12760.0
maruti,2026-09-08,12758.0,12758.0,12582.0,12641.0,12748.0,12584.0,12733.0,12641.0
maruti,2026-09-09,12609.0,12692.0,12537.0,12618.0,12680.0,12567.0,12585.0,12618.0
maruti,2026-09-10,12679.0,12693.0,12517.0,12590.0,12690.0,12522.0,12679.0,12590.0
maruti,2026-09-11,12520.0,12541.0,12381.0,12400.0,12511.0,12382.0,12511.0,12400.0
maruti,2026-09-15,12470.0,12470.0,12231.0,12231.0,12462.0,12231.0,12462.0,12231.0
maruti,2026-09-16,12231.0,12367.0,12159.0,12166.0,12365.0,12159.0,12231.0,12166.0
maruti,2026-09-17,12165.0,12409.0,12127.0,12338.0,12409.0,12149.0,12155.0,12382.0
maruti,2026-09-18,12350.0,12458.0,12103.0,12103.0,12456.0,12103.0,12350.0,12103.0
maruti,2026-09-21,12129.0,12229.0,12129.0,12153.0,12225.0,12138.0,12182.0,12153.0
maruti,2026-09-22,12155.0,12275.0,12142.0,12190.0,12275.0,12142.0,12199.0,12190.0
maruti,2026-09-23,12240.0,12255.0,12106.0,12230.0,12255.0,12106.0,12210.0,12230.0
maruti,2026-09-24,12180.0,12184.0,11975.0,11990.0,12181.0,11976.0,12157.0,11990.0
maruti,2026-09-25,11997.0,12098.0,11975.0,12065.0,12098.0,11975.0,12014.0,12065.0
maruti,2026-09-28,12065.0,12116.0,11944.0,12008.0,12116.0,11945.0,12116.0,12008.0
maruti,2026-09-29,12046.0,12046.0,11831.0,11877.0,12028.0,11832.0,12017.0,11877.0
maruti,2026-09-30,11901.0,12065.0,11879.0,11967.0,12059.0,11882.0,11929.0,11967.0
maruti,2026-10-01,11900.0,11907.0,11305.0,11386.0,11865.0,11306.0,11844.0,11386.0
maxhealth,2026-08-18,1000.7000122070312,1017.0,982.0999755859376,1014.4000244140624,1017.0,982.2999877929688,996.2999877929688,1014.4000244140624
maxhealth,2026-08-19,1016.0,1016.9000244140624,994.0999755859376,997.0,1016.2000122070312,994.9000244140624,1016.2000122070312,997.0
maxhealth,2026-08-20,998.0,1001.7999877929688,987.7000122070312,997.9000244140624,1001.5999755859376,988.0,999.0999755859376,997.9000244140624
maxhealth,2026-08-21,1000.0,1003.5999755859376,986.5,1000.0,1002.2999877929688,986.5,999.2000122070312,1000.0
maxhealth,2026-08-24,1004.0,1008.9000244140624,983.4000244140624,990.5,1008.2999877929688,984.4000244140624,999.0,990.5
maxhealth,2026-08-25,990.5,1016.0,980.2999877929688,1016.0,1016.0,980.7999877929688,987.2999877929688,1016.0
maxhealth,2026-08-26,1017.7999877929688,1023.7999877929688,1000.5,1005.0,1023.7000122070312,1000.7000122070312,1008.5999755859376,1005.0
maxhealth,2026-08-27,1006.0999755859376,1012.0,999.0999755859376,1009.0,1012.0,999.2999877929688,1009.0,1009.0
maxhealth,2026-08-28,1009.0999755859376,1017.5,1001.7999877929688,1014.0999755859376,1017.5,1001.7999877929688,1005.2999877929688,1014.0999755859376
maxhealth,2026-08-31,1013.0,1042.0999755859375,1001.7000122070312,1042.0999755859375,1042.0999755859375,1001.7000122070312,1012.4000244140624,1042.0999755859375
maxhealth,2026-09-01,1022.0,1022.0,1000.2000122070312,1003.0,1015.9000244140624,1001.4000244140624,1015.2999877929688,1003.0
maxhealth,2026-09-02,1003.0,1005.0,987.2000122070312,994.0,1003.0999755859376,987.4000244140624,1001.9000244140624,994.0
maxhealth,2026-09-03,997.0,1000.5999755859376,985.5,994.9000244140624,995.2999877929688,985.5,994.5999755859376,994.9000244140624
maxhealth,2026-09-04,994.9000244140624,1001.2999877929688,981.0999755859376,984.7999877929688,1000.5,981.7000122070312,997.5999755859376,984.7999877929688
maxhealth,2026-09-07,983.0,994.9000244140624,974.0,992.0,994.2999877929688,975.7000122070312,982.5999755859376,992.0
maxhealth,2026-09-08,992.5,996.9000244140624,982.4000244140624,993.0,996.5999755859376,982.7999877929688,992.5,993.0
maxhealth,2026-09-09,992.7000122070312,1040.4000244140625,992.2000122070312,1037.5,1040.4000244140625,998.7999877929688,998.7999877929688,1037.5
maxhealth,2026-09-10,1040.0999755859375,1040.199951171875,1029.300048828125,1038.5999755859375,1040.0,1030.0999755859375,1040.0,1038.5999755859375
maxhealth,2026-09-11,1028.199951171875,1041.5,1022.7000122070312,1037.699951171875,1041.5,1023.7000122070312,1030.0,1037.699951171875
maxhealth,2026-09-15,1048.0,1048.0,1030.0,1030.0,1045.0,1030.0,1043.199951171875,1030.0
maxhealth,2026-09-16,1036.4000244140625,1036.4000244140625,1021.5999755859376,1025.0,1036.0,1021.7000122070312,1032.800048828125,1025.0
maxhealth,2026-09-17,1022.0999755859376,1045.699951171875,1021.0999755859376,1037.0,1042.800048828125,1022.2000122070312,1022.2999877929688,1037.0
maxhealth,2026-09-18,1037.0,1059.9000244140625,1034.9000244140625,1049.300048828125,1058.199951171875,1037.0,1037.0,1049.300048828125
maxhealth,2026-09-21,1053.800048828125,1072.5999755859375,1050.5999755859375,1066.5999755859375,1072.5,1050.699951171875,1053.5,1066.5999755859375
maxhealth,2026-09-22,1060.0999755859375,1069.0,1049.699951171875,1056.5,1069.0,1050.0999755859375,1066.4000244140625,1056.5
maxhealth,2026-09-23,1056.5,1067.300048828125,1053.199951171875,1059.9000244140625,1067.300048828125,1053.4000244140625,1056.9000244140625,1059.9000244140625
maxhealth,2026-09-24,1035.0,1055.800048828125,1029.0,1046.0,1055.800048828125,1034.5,1042.199951171875,1046.0
maxhealth,2026-09-25,1050.0,1052.0,1008.0,1014.0,1048.0999755859375,1008.0,1045.9000244140625,1014.0
maxhealth,2026-09-28,1014.0,1015.7999877929688,989.0999755859376,1000.0999755859376,1010.7999877929688,989.5,1009.7000122070312,1000.0999755859376
maxhealth,2026-09-29,993.0,1000.0999755859376,979.0,982.0999755859376,1000.0999755859376,979.0,993.0,982.0999755859376
maxhealth,2026-09-30,963.0,976.2999877929688,907.7000122070312,929.7999877929688,976.2999877929688,907.7000122070312,976.2999877929688,929.7999877929688
maxhealth,2026-10-01,919.8499755859376,950.0,902.0499877929688,940.9500122070312,948.25,902.4500122070312,917.9500122070312,940.9500122070312
nestleind,2026-08-18,1478.0,1479.800048828125,1453.0,1462.5,1479.5,1458.199951171875,1476.9000244140625,1462.5
nestleind,2026-08-19,1462.4000244140625,1481.300048828125,1457.0999755859375,1465.0,1481.0999755859375,1457.0999755859375,1462.0,1465.0
nestleind,2026-08-20,1482.0,1482.0,1454.5999755859375,1458.0,1479.300048828125,1454.5999755859375,1479.300048828125,1458.0
nestleind,2026-08-21,1465.0,1485.4000244140625,1449.0,1477.0999755859375,1484.300048828125,1450.0,1465.0,1477.0999755859375
nestleind,2026-08-24,1478.699951171875,1483.4000244140625,1457.0999755859375,1471.300048828125,1479.5,1457.4000244140625,1476.800048828125,1471.300048828125
nestleind,2026-08-25,1471.300048828125,1479.0,1458.800048828125,1479.0,1479.0,1459.0,1471.0,1479.0
nestleind,2026-08-26,1476.0,1479.0,1450.800048828125,1451.5,1477.5,1451.0999755859375,1477.5,1451.5
nestleind,2026-08-27,1451.5,1465.0,1440.300048828125,1450.0,1463.9000244140625,1440.300048828125,1451.5999755859375,1450.0
nestleind,2026-08-28,1454.4000244140625,1456.5,1438.0,1454.5999755859375,1454.5999755859375,1439.199951171875,1450.199951171875,1454.5999755859375
nestleind,2026-08-31,1445.0999755859375,1496.5,1427.5999755859375,1496.5,1496.5,1428.0,1437.9000244140625,1496.5
nestleind,2026-09-01,1514.800048828125,1514.800048828125,1436.0,1438.199951171875,1491.0999755859375,1436.5,1491.0999755859375,1438.199951171875
nestleind,2026-09-02,1425.0,1428.0,1411.0,1425.0,1427.9000244140625,1412.699951171875,1421.4000244140625,1425.0
nestleind,2026-09-03,1424.0999755859375,1424.0999755859375,1407.0,1416.0,1421.5,1407.9000244140625,1416.300048828125,1416.0
nestleind,2026-09-04,1415.0,1420.0,1402.5,1410.5,1420.0,1403.0999755859375,1408.0,1410.5
nestleind,2026-09-07,1401.0,1405.699951171875,1392.9000244140625,1398.0,1405.4000244140625,1392.9000244140625,1401.4000244140625,1398.0
nestleind,2026-09-08,1397.4000244140625,1415.0999755859375,1392.9000244140625,1400.5,1415.0999755859375,1396.0,1396.0,1400.5
nestleind,2026-09-09,1400.5,1405.9000244140625,1389.199951171875,1393.0,1405.4000244140625,1389.4000244140625,1400.5999755859375,1393.0
nestleind,2026-09-10,1396.800048828125,1402.800048828125,1377.699951171875,1386.199951171875,1401.800048828125,1377.699951171875,1396.800048828125,1386.199951171875
nestleind,2026-09-11,1376.699951171875,1401.199951171875,1373.5,1383.300048828125,1400.9000244140625,1373.5999755859375,1375.4000244140625,1383.300048828125
nestleind,2026-09-15,1383.300048828125,1395.0,1362.0,1362.0,1394.4000244140625,1362.0,1389.9000244140625,1362.0
nestleind,2026-09-16,1369.199951171875,1397.0,1368.699951171875,1384.5,1395.5,1370.199951171875,1370.199951171875,1384.5
nestleind,2026-09-17,1384.5,1391.699951171875,1370.0999755859375,1370.5999755859375,1390.800048828125,1370.199951171875,1385.5999755859375,1370.5999755859375
nestleind,2026-09-18,1372.0999755859375,1390.0,1332.800048828125,1372.4000244140625,1389.0,1333.199951171875,1372.699951171875,1372.4000244140625
nestleind,2026-09-21,1360.0,1390.0,1360.0,1385.0,1389.800048828125,1361.4000244140625,1361.4000244140625,1385.0
nestleind,2026-09-22,1382.199951171875,1392.9000244140625,1363.9000244140625,1363.9000244140625,1391.4000244140625,1363.9000244140625,1382.4000244140625,1363.9000244140625
nestleind,2026-09-23,1370.0,1387.199951171875,1361.5999755859375,1387.199951171875,1387.199951171875,1361.9000244140625,1371.5999755859375,1387.199951171875
nestleind,2026-09-24,1355.699951171875,1386.0,1350.199951171875,1351.0,1384.300048828125,1350.300048828125,1382.800048828125,1351.0
nestleind,2026-09-25,1357.0,1362.5999755859375,1348.300048828125,1362.5999755859375,1362.5999755859375,1348.5,1352.0,1362.5999755859375
nestleind,2026-09-28,1350.0,1356.800048828125,1343.9000244140625,1346.0,1356.699951171875,1344.199951171875,1349.5999755859375,1346.0
nestleind,2026-09-29,1341.0,1349.0999755859375,1333.5999755859375,1345.699951171875,1348.9000244140625,1333.9000244140625,1345.0,1345.699951171875
nestleind,2026-09-30,1341.5,1345.5,1310.0,1310.0,1342.5,1310.0,1342.5,1310.0
nestleind,2026-10-01,1301.9000244140625,1320.9000244140625,1295.0,1307.699951171875,1320.9000244140625,1295.300048828125,1303.699951171875,1307.699951171875
ntpc,2026-08-18,333.3984686712306,335.67387641051346,330.3315924463536,333.4974060058594,339.25,336.79998779296875,338.0,337.1000061035156
ntpc,2026-08-19,332.7059493382513,335.2287155994345,330.0348223570086,332.9532775878906,338.8500061035156,333.6499938964844,336.25,336.54998779296875
ntpc,2026-08-20,333.4974082916147,335.92120695373524,330.82625119550914,333.89312744140625,339.5,334.3999938964844,336.8999938964844,337.5
ntpc,2026-08-21,333.3984855203068,339.1859726870624,333.3984855203068,336.3664245605469,342.8500061035156,337.3999938964844,337.5,340.0
ntpc,2026-08-24,337.0589528190787,338.39450122243744,333.8436855534105,335.87176513671875,341.79998779296875,337.45001220703125,340.70001220703125,339.5
ntpc,2026-08-25,335.37709551862594,337.1578467810886,332.06289104379783,336.218017578125,339.8500061035156,335.79998779296875,338.54998779296875,339.8500061035156
ntpc,2026-08-26,337.8998467135045,340.76887859756096,331.0241394042969,331.0241394042969,344.3999938964844,334.6000061035156,341.5,334.6000061035156
ntpc,2026-08-27,331.419867469414,332.3597269313501,324.8903953854603,327.3636779785156,335.8999938964844,328.5,335.8999938964844,330.8999938964844
ntpc,2026-08-28,325.9786255355717,329.5401582868424,325.2860943759172,326.5227355957031,332.95001220703125,328.79998779296875,330.1000061035156,330.04998779296875
ntpc,2026-08-31,326.57221912108184,326.91848470065645,320.04274744708897,323.90106201171875,329.54998779296875,323.5,328.8500061035156,327.3999938964844
ntpc,2026-09-01,323.90106266400284,324.7419847328244,321.57617112953244,324.0,328.25,325.04998779296875,327.20001220703125,327.5
ntpc,2026-09-02,324.0,331.1000061035156,321.0,330.0,330.5,321.1000061035156,322.0,330.0
ntpc,2026-09-03,330.45001220703125,332.70001220703125,329.1000061035156,330.8999938964844,332.54998779296875,329.20001220703125,330.6499938964844,330.8999938964844
ntpc,2026-09-04,332.75,334.04998779296875,329.79998779296875,332.5,334.0,329.79998779296875,332.1499938964844,332.5
ntpc,2026-09-07,332.5,333.79998779296875,330.3500061035156,332.0,333.45001220703125,330.3999938964844,333.45001220703125,332.0
ntpc,2026-09-08,330.0,333.20001220703125,328.6499938964844,330.79998779296875,333.20001220703125,328.75,330.95001220703125,330.79998779296875
ntpc,2026-09-09,331.1000061035156,337.5,330.8999938964844,334.5,337.45001220703125,331.25,331.3500061035156,334.5
ntpc,2026-09-10,335.6499938964844,335.70001220703125,333.1000061035156,335.0,335.5,333.3500061035156,334.8999938964844,335.0
ntpc,2026-09-11,333.0,336.25,331.6000061035156,333.3999938964844,336.25,332.0,332.70001220703125,333.3999938964844
ntpc,2026-09-15,333.0,333.29998779296875,326.3999938964844,329.5,333.29998779296875,326.5,333.29998779296875,329.5
ntpc,2026-09-16,329.5,329.95001220703125,326.54998779296875,327.0,329.79998779296875,326.6000061035156,328.54998779296875,327.0
ntpc,2026-09-17,327.79998779296875,331.29998779296875,327.20001220703125,329.6000061035156,331.29998779296875,327.25,327.5,329.6000061035156
ntpc,2026-09-18,329.79998779296875,330.8500061035156,323.6499938964844,323.6499938964844,330.5,323.6499938964844,330.5,323.6499938964844
ntpc,2026-09-21,325.0,328.75,324.8500061035156,326.3999938964844,328.75,325.3500061035156,325.45001220703125,326.3999938964844
ntpc,2026-09-22,326.5,329.0,325.54998779296875,327.79998779296875,328.8500061035156,325.6000061035156,326.5,327.79998779296875
ntpc,2026-09-23,326.5,329.3999938964844,325.0,326.0,329.29998779296875,325.8999938964844,327.29998779296875,326.0
ntpc,2026-09-24,326.95001220703125,327.70001220703125,324.3999938964844,326.6000061035156,327.70001220703125,324.45001220703125,326.75,326.6000061035156
ntpc,2026-09-25,327.29998779296875,327.29998779296875,323.5,326.6000061035156,326.8999938964844,323.8500061035156,326.20001220703125,326.6000061035156
ntpc,2026-09-28,326.6000061035156,326.6000061035156,320.20001220703125,321.1000061035156,326.3999938964844,320.20001220703125,326.3500061035156,321.1000061035156
ntpc,2026-09-29,320.5,325.0,317.54998779296875,323.5,325.0,317.6000061035156,321.8999938964844,323.5
ntpc,2026-09-30,323.5,323.95001220703125,318.8999938964844,322.75,323.8999938964844,319.0,323.8999938964844,322.75
ntpc,2026-10-01,320.79998779296875,320.95001220703125,313.04998779296875,315.1000061035156,320.54998779296875,313.1000061035156,320.54998779296875,315.1000061035156
ongc,2026-08-18,238.48516845703125,240.27754436943889,237.0114439042219,238.48516845703125,241.3000030517578,238.7100067138672,239.1999969482422,239.5
ongc,2026-08-19,240.0784019339818,241.1637796705644,236.51356951273613,236.9915313720703,242.1300048828125,237.5200042724609,241.1000061035156,238.0
ongc,2026-08-20,238.2262802882925,238.2262802882925,232.65000293918337,237.48941040039065,239.1999969482422,233.6999969482422,239.0,238.5
ongc,2026-08-21,237.6885574583362,238.206358325423,235.39830017089844,235.39830017089844,239.1999969482422,236.3999938964844,238.80999755859372,236.3999938964844
ongc,2026-08-24,235.9957586307948,236.93177799482208,234.6315686012541,235.54766845703125,237.88999938964844,235.66000366210935,236.3500061035156,236.5500030517578
ongc,2026-08-25,234.999994000818,235.5476665171888,232.3612289593941,233.0084686279297,236.5399932861328,233.3600006103516,236.17999267578125,234.0
ongc,2026-08-26,232.520538290624,233.2175843229905,229.8120625813732,231.2260589599609,234.00999450683597,230.94000244140625,234.00999450683597,232.2100067138672
ongc,2026-08-27,231.226069372602,233.446615998019,230.1207721385812,231.01695251464844,234.3500061035156,231.1000061035156,232.44000244140625,232.0
ongc,2026-08-28,232.3612294343949,232.4010532565156,230.27012171093435,231.2658843994141,233.3500061035156,231.2899932861328,232.88999938964844,232.25
ongc,2026-08-31,232.8093201816941,233.9544411986273,230.71821245305708,230.8177947998047,234.9499969482422,231.6999969482422,233.7400054931641,231.8000030517578
ongc,2026-09-01,232.8093244973436,235.59746312249976,231.51482993629253,235.44808959960935,236.5,232.8500061035156,233.0200042724609,236.4499969482422
ongc,2026-09-02,236.59321943086036,238.19639795739104,234.64151788781444,236.4936370849609,239.1999969482422,235.6999969482422,237.1999969482422,237.5
ongc,2026-09-03,236.49364406779665,236.79237592018256,234.0042372881356,235.0,237.6999969482422,235.0,237.57000732421875,236.0
ongc,2026-09-04,235.44000244140625,235.44000244140625,233.6000061035156,234.6499938964844,235.42999267578125,233.7899932861328,235.41000366210935,234.6499938964844
ongc,2026-09-07,235.97999572753903,235.97999572753903,232.7700042724609,233.6999969482422,235.3300018310547,232.80999755859372,235.3300018310547,233.6999969482422
ongc,2026-09-08,234.8000030517578,238.0,232.22000122070312,236.0,237.97999572753903,232.2400054931641,233.6999969482422,236.0
ongc,2026-09-09,237.8000030517578,239.2700042724609,234.0200042724609,234.0200042724609,239.25,234.0200042724609,238.0500030517578,234.0200042724609
ongc,2026-09-10,236.1000061035156,239.8000030517578,235.6000061035156,237.2700042724609,239.8000030517578,235.6000061035156,236.1000061035156,237.2700042724609
ongc,2026-09-11,239.8999938964844,243.16000366210935,232.5,232.5,243.1300048828125,232.5,239.82000732421875,232.5
ongc,2026-09-15,234.8999938964844,236.3000030517578,233.3300018310547,235.9499969482422,236.19000244140625,233.3999938964844,234.82000732421875,235.9499969482422
ongc,2026-09-16,236.4499969482422,236.8000030517578,233.30999755859372,236.8000030517578,236.8000030517578,233.66000366210935,235.32000732421875,236.8000030517578
ongc,2026-09-17,235.1000061035156,235.6499938964844,231.25,232.42999267578125,235.6499938964844,231.3000030517578,235.2400054931641,232.42999267578125
ongc,2026-09-18,232.42999267578125,234.32000732421875,231.75,232.8000030517578,234.25999450683597,231.8600006103516,232.42999267578125,232.8000030517578
ongc,2026-09-21,232.8000030517578,236.0,232.32000732421875,235.6300048828125,235.9900054931641,232.41000366210935,232.9499969482422,235.6300048828125
ongc,2026-09-22,235.50999450683597,236.3699951171875,233.75,236.1300048828125,236.3000030517578,233.75999450683597,235.41000366210935,236.1300048828125
ongc,2026-09-23,235.5,236.8999938964844,234.1999969482422,236.8999938964844,236.8999938964844,234.41000366210935,235.02999877929688,236.8999938964844
ongc,2026-09-24,235.5,239.0,235.22999572753903,239.0,239.0,235.22999572753903,235.6100006103516,239.0
ongc,2026-09-25,238.0,238.0,234.7100067138672,235.8600006103516,237.3600006103516,234.7100067138672,237.22999572753903,235.8600006103516
ongc,2026-09-28,235.8500061035156,235.8500061035156,229.8500061035156,230.0,235.5,229.8600006103516,235.5,230.0
ongc,2026-09-29,230.0,231.6999969482422,227.8000030517578,230.0,231.6999969482422,227.80999755859372,230.0,230.0
ongc,2026-09-30,230.2100067138672,231.57000732421875,223.6000061035156,225.8000030517578,231.52999877929688,223.6000061035156,230.3699951171875,225.8000030517578
ongc,2026-10-01,224.75,224.9900054931641,220.6000061035156,222.3699951171875,224.9499969482422,220.6499938964844,224.77999877929688,222.3699951171875
powergrid,2026-08-18,266.20001220703125,268.95001220703125,266.04998779296875,268.0,268.8999938964844,266.04998779296875,267.0,268.0
powergrid,2026-08-19,267.04998779296875,267.5,262.04998779296875,263.5,267.29998779296875,262.1499938964844,267.29998779296875,263.5
powergrid,2026-08-20,264.0,267.1000061035156,262.79998779296875,264.79998779296875,266.6000061035156,262.79998779296875,263.3999938964844,264.79998779296875
powergrid,2026-08-21,264.6000061035156,275.95001220703125,264.20001220703125,272.3999938964844,275.8999938964844,264.54998779296875,264.54998779296875,272.3999938964844
powergrid,2026-08-24,274.0,274.3500061035156,268.29998779296875,271.3999938964844,274.20001220703125,268.29998779296875,273.79998779296875,271.3999938964844
powergrid,2026-08-25,271.3999938964844,271.70001220703125,268.3500061035156,271.0,271.0,268.5,270.8999938964844,271.0
powergrid,2026-08-26,270.1000061035156,271.1499938964844,265.20001220703125,265.20001220703125,271.04998779296875,265.20001220703125,270.1000061035156,265.20001220703125
powergrid,2026-08-27,264.79998779296875,266.29998779296875,262.29998779296875,264.8999938964844,266.20001220703125,262.29998779296875,265.25,264.8999938964844
powergrid,2026-08-28,266.04998779296875,267.3500061035156,265.04998779296875,266.04998779296875,267.29998779296875,265.1000061035156,265.8500061035156,266.04998779296875
powergrid,2026-08-31,266.04998779296875,266.04998779296875,263.1499938964844,263.54998779296875,265.75,263.25,265.6499938964844,263.54998779296875
powergrid,2026-09-01,263.29998779296875,264.54998779296875,261.70001220703125,264.54998779296875,264.54998779296875,261.75,263.5,264.54998779296875
powergrid,2026-09-02,264.0,268.3500061035156,262.3999938964844,266.79998779296875,268.25,262.45001220703125,263.5,266.79998779296875
powergrid,2026-09-03,269.8999938964844,270.75,265.6000061035156,265.6000061035156,270.54998779296875,265.6000061035156,269.5,265.6000061035156
powergrid,2026-09-04,266.8999938964844,267.5,265.04998779296875,266.0,267.3500061035156,265.04998779296875,266.6499938964844,266.0
powergrid,2026-09-07,266.0,268.79998779296875,264.25,266.45001220703125,268.79998779296875,264.45001220703125,265.95001220703125,266.45001220703125
powergrid,2026-09-08,265.6499938964844,267.25,263.0,265.75,266.8500061035156,263.0,266.29998779296875,265.75
powergrid,2026-09-09,265.0,269.25,264.5,265.8500061035156,269.1499938964844,264.5,264.8500061035156,265.8500061035156
powergrid,2026-09-10,265.8500061035156,271.75,265.29998779296875,271.75,271.75,265.29998779296875,265.8500061035156,271.75
powergrid,2026-09-11,269.95001220703125,274.04998779296875,268.3500061035156,269.1000061035156,273.8500061035156,268.3500061035156,269.8500061035156,269.1000061035156
powergrid,2026-09-15,267.1499938964844,268.5,262.79998779296875,262.79998779296875,268.45001220703125,262.79998779296875,267.1499938964844,262.79998779296875
powergrid,2026-09-16,264.1000061035156,266.3500061035156,262.79998779296875,262.79998779296875,266.1499938964844,262.79998779296875,264.45001220703125,262.79998779296875
powergrid,2026-09-17,263.5,265.70001220703125,263.25,263.75,265.6499938964844,263.25,263.25,263.75
powergrid,2026-09-18,264.6000061035156,270.29998779296875,263.3999938964844,270.29998779296875,270.29998779296875,263.45001220703125,264.54998779296875,270.29998779296875
powergrid,2026-09-21,267.75,269.04998779296875,266.1000061035156,266.1000061035156,268.8999938964844,266.1000061035156,267.75,266.1000061035156
powergrid,2026-09-22,267.0,268.29998779296875,265.95001220703125,265.95001220703125,268.25,265.95001220703125,267.45001220703125,265.95001220703125
powergrid,2026-09-23,265.95001220703125,270.8500061035156,265.95001220703125,270.20001220703125,270.8500061035156,266.1499938964844,266.1499938964844,270.20001220703125
powergrid,2026-09-24,270.3999938964844,270.8999938964844,265.75,266.3999938964844,270.20001220703125,265.75,269.0,266.3999938964844
powergrid,2026-09-25,268.70001220703125,269.75,266.8999938964844,269.5,269.70001220703125,267.0,267.79998779296875,269.5
powergrid,2026-09-28,269.8999938964844,269.8999938964844,261.8500061035156,261.8500061035156,269.25,261.8500061035156,269.20001220703125,261.8500061035156
powergrid,2026-09-29,262.29998779296875,269.20001220703125,259.54998779296875,261.5,269.1000061035156,259.6000061035156,262.75,261.5
powergrid,2026-09-30,261.5,262.0,258.1000061035156,260.5,261.79998779296875,258.3500061035156,261.45001220703125,260.5
powergrid,2026-10-01,258.20001220703125,259.0,252.3500061035156,254.5500030517578,259.0,252.5,259.0,254.5500030517578
reliance,2026-08-18,1314.0,1328.5999755859375,1311.199951171875,1322.0,1328.4000244140625,1311.4000244140625,1313.800048828125,1322.0
reliance,2026-08-19,1320.300048828125,1321.5999755859375,1303.5,1311.0,1320.0,1304.199951171875,1319.800048828125,1311.0
reliance,2026-08-20,1315.5,1316.5,1307.0,1313.199951171875,1316.5,1307.0,1314.800048828125,1313.199951171875
reliance,2026-08-21,1314.0,1316.0,1308.0,1316.0,1316.0,1308.0,1314.0,1316.0
reliance,2026-08-24,1316.5999755859375,1320.0,1302.4000244140625,1309.800048828125,1320.0,1302.5999755859375,1314.0,1309.800048828125
reliance,2026-08-25,1304.300048828125,1317.0999755859375,1300.0,1317.0,1317.0,1300.0,1304.5999755859375,1317.0
reliance,2026-08-26,1310.0,1315.5999755859375,1298.0,1298.0,1315.5,1298.0,1311.0999755859375,1298.0
reliance,2026-08-27,1305.0,1308.4000244140625,1282.199951171875,1282.199951171875,1308.199951171875,1282.199951171875,1304.300048828125,1282.199951171875
reliance,2026-08-28,1284.9000244140625,1291.800048828125,1280.0,1287.0,1291.5,1280.0,1285.4000244140625,1287.0
reliance,2026-08-31,1278.699951171875,1297.5999755859375,1271.0,1277.0,1297.5,1271.0999755859375,1278.199951171875,1277.0
reliance,2026-09-01,1285.0,1311.800048828125,1280.0,1309.0,1311.699951171875,1280.0,1285.0,1309.0
reliance,2026-09-02,1298.0,1321.9000244140625,1293.0999755859375,1313.0999755859375,1321.699951171875,1293.5999755859375,1299.0,1313.0999755859375
reliance,2026-09-03,1313.0999755859375,1316.800048828125,1302.5,1302.5,1316.699951171875,1302.5,1313.0999755859375,1302.5
reliance,2026-09-04,1304.0999755859375,1333.0,1304.0999755859375,1322.0,1333.0,1304.0999755859375,1304.0999755859375,1322.0
reliance,2026-09-07,1323.0999755859375,1324.199951171875,1301.9000244140625,1309.5,1324.0999755859375,1303.199951171875,1323.5,1309.5
reliance,2026-09-08,1304.0999755859375,1306.800048828125,1288.0,1294.9000244140625,1306.0,1288.0,1306.0,1294.9000244140625
reliance,2026-09-09,1283.5,1294.699951171875,1277.199951171875,1279.0,1294.5999755859375,1277.9000244140625,1285.199951171875,1279.0
reliance,2026-09-10,1278.5,1285.300048828125,1266.300048828125,1274.0,1285.300048828125,1267.0,1279.5,1274.0
reliance,2026-09-11,1267.0,1267.4000244140625,1253.0,1257.5,1266.4000244140625,1253.300048828125,1265.300048828125,1257.5
reliance,2026-09-15,1252.5,1259.4000244140625,1235.300048828125,1235.300048828125,1259.0999755859375,1235.300048828125,1254.699951171875,1235.300048828125
reliance,2026-09-16,1243.0,1255.0,1240.0,1240.0,1254.800048828125,1240.0,1243.300048828125,1240.0
reliance,2026-09-17,1244.800048828125,1253.4000244140625,1238.5,1243.9000244140625,1253.199951171875,1238.5,1244.5,1243.9000244140625
reliance,2026-09-18,1245.0,1247.300048828125,1226.4000244140625,1226.4000244140625,1247.0,1226.4000244140625,1245.300048828125,1226.4000244140625
reliance,2026-09-21,1234.0999755859375,1249.0999755859375,1232.5,1247.4000244140625,1248.9000244140625,1232.5,1235.0,1247.4000244140625
reliance,2026-09-22,1247.5999755859375,1251.9000244140625,1237.4000244140625,1240.4000244140625,1251.9000244140625,1237.699951171875,1249.300048828125,1240.4000244140625
reliance,2026-09-23,1242.0,1252.800048828125,1238.9000244140625,1248.0,1252.800048828125,1239.199951171875,1244.699951171875,1248.0
reliance,2026-09-24,1236.5999755859375,1241.5999755859375,1219.199951171875,1219.199951171875,1241.199951171875,1219.199951171875,1236.0,1219.199951171875
reliance,2026-09-25,1210.5,1227.4000244140625,1210.5,1226.0,1227.300048828125,1215.0,1215.0,1226.0
reliance,2026-09-28,1218.0,1219.699951171875,1197.0,1197.5999755859375,1219.699951171875,1197.4000244140625,1219.699951171875,1197.5999755859375
reliance,2026-09-29,1193.800048828125,1198.300048828125,1181.800048828125,1182.0,1198.0999755859375,1182.0,1194.699951171875,1182.0
reliance,2026-09-30,1182.0,1196.5,1181.699951171875,1187.0,1196.5,1183.0999755859375,1184.199951171875,1187.0
reliance,2026-10-01,1180.0999755859375,1183.9000244140625,1160.800048828125,1167.699951171875,1183.800048828125,1161.0,1180.9000244140625,1167.699951171875
sbilife,2026-08-18,1789.0,1796.5,1762.5,1778.0,1795.800048828125,1775.800048828125,1795.800048828125,1778.0
sbilife,2026-08-19,1779.5,1786.699951171875,1746.4000244140625,1780.4000244140625,1786.5999755859375,1746.4000244140625,1774.5999755859375,1780.4000244140625
sbilife,2026-08-20,1790.0,1792.5,1775.4000244140625,1782.0,1792.199951171875,1775.5,1780.5,1782.0
sbilife,2026-08-21,1780.0,1795.300048828125,1766.199951171875,1792.9000244140625,1795.199951171875,1767.699951171875,1779.9000244140625,1792.9000244140625
sbilife,2026-08-24,1801.699951171875,1801.699951171875,1759.0999755859375,1761.800048828125,1800.5999755859375,1759.300048828125,1798.5999755859375,1761.800048828125
sbilife,2026-08-25,1761.0,1774.4000244140625,1751.199951171875,1755.0,1773.800048828125,1751.4000244140625,1762.5,1755.0
sbilife,2026-08-26,1760.5,1789.0,1760.5,1768.199951171875,1788.5,1764.300048828125,1764.300048828125,1768.199951171875
sbilife,2026-08-27,1769.0,1798.9000244140625,1766.5,1773.199951171875,1798.699951171875,1767.4000244140625,1774.5999755859375,1773.0
sbilife,2026-08-28,1780.4000244140625,1782.0,1747.800048828125,1761.0999755859375,1774.0,1748.0,1772.5,1761.0999755859375
sbilife,2026-08-31,1760.0,1761.0999755859375,1739.0,1740.5,1756.9000244140625,1739.0,1752.0,1740.5
sbilife,2026-09-01,1740.5,1753.4000244140625,1728.5999755859375,1739.300048828125,1753.4000244140625,1728.5999755859375,1743.699951171875,1739.300048828125
sbilife,2026-09-02,1730.0,1738.4000244140625,1716.0,1719.9000244140625,1732.4000244140625,1716.300048828125,1731.0,1719.9000244140625
sbilife,2026-09-03,1724.9000244140625,1741.9000244140625,1708.9000244140625,1715.0,1739.300048828125,1709.800048828125,1728.9000244140625,1715.0
sbilife,2026-09-04,1715.0,1775.0,1707.4000244140625,1775.0,1775.0,1710.5999755859375,1715.0,1775.0
sbilife,2026-09-07,1775.0,1775.0,1727.800048828125,1732.0,1769.4000244140625,1728.0,1769.0,1732.0
sbilife,2026-09-08,1734.5999755859375,1739.9000244140625,1696.5999755859375,1696.5999755859375,1736.9000244140625,1696.5999755859375,1727.0,1696.5999755859375
sbilife,2026-09-09,1703.5999755859375,1703.5999755859375,1676.0,1684.0,1702.4000244140625,1676.0,1702.4000244140625,1684.0
sbilife,2026-09-10,1684.0,1706.199951171875,1674.5,1700.5999755859375,1705.9000244140625,1674.5999755859375,1682.5,1700.5999755859375
sbilife,2026-09-11,1680.0,1697.699951171875,1671.0,1684.699951171875,1697.699951171875,1671.800048828125,1686.699951171875,1684.699951171875
sbilife,2026-09-15,1672.0999755859375,1683.0999755859375,1652.9000244140625,1654.0999755859375,1682.5999755859375,1653.0,1681.0,1654.0999755859375
sbilife,2026-09-16,1656.4000244140625,1705.0,1656.4000244140625,1697.9000244140625,1701.5,1657.5999755859375,1657.9000244140625,1697.9000244140625
sbilife,2026-09-17,1693.0,1771.0999755859375,1689.0,1766.9000244140625,1771.0999755859375,1689.0999755859375,1692.800048828125,1766.9000244140625
sbilife,2026-09-18,1751.300048828125,1770.0,1731.0,1731.0,1769.300048828125,1731.0,1758.199951171875,1731.0
sbilife,2026-09-21,1744.0,1774.4000244140625,1734.300048828125,1756.0,1773.699951171875,1734.699951171875,1739.9000244140625,1756.0
sbilife,2026-09-22,1761.0999755859375,1772.699951171875,1740.0,1756.300048828125,1772.699951171875,1744.4000244140625,1761.199951171875,1756.300048828125
sbilife,2026-09-23,1758.0,1770.0999755859375,1744.4000244140625,1760.0,1769.300048828125,1744.699951171875,1766.300048828125,1760.0
sbilife,2026-09-24,1710.0,1791.4000244140625,1699.9000244140625,1755.0,1791.4000244140625,1703.5,1703.5,1755.0
sbilife,2026-09-25,1755.0,1758.4000244140625,1732.300048828125,1742.0,1758.4000244140625,1732.300048828125,1750.800048828125,1742.0
sbilife,2026-09-28,1742.0,1752.800048828125,1725.0,1728.0999755859375,1752.4000244140625,1725.0,1744.9000244140625,1728.0999755859375
sbilife,2026-09-29,1731.5999755859375,1746.0,1711.0,1735.0,1746.0,1711.199951171875,1731.5999755859375,1735.0
sbilife,2026-09-30,1724.0,1729.5,1681.0,1696.4000244140625,1726.800048828125,1684.0,1726.300048828125,1696.4000244140625
sbilife,2026-10-01,1676.300048828125,1730.300048828125,1674.800048828125,1721.5999755859375,1728.9000244140625,1677.699951171875,1681.5,1721.5999755859375
sbin,2026-08-18,1059.5999755859375,1067.699951171875,1053.0,1053.0,1067.5999755859375,1053.0,1062.800048828125,1053.0
sbin,2026-08-19,1053.199951171875,1054.800048828125,1041.4000244140625,1048.5999755859375,1054.5,1041.5,1051.5,1048.5999755859375
sbin,2026-08-20,1052.9000244140625,1052.9000244140625,1045.699951171875,1048.0,1051.9000244140625,1045.800048828125,1051.5,1048.0
sbin,2026-08-21,1052.699951171875,1054.699951171875,1040.0999755859375,1048.699951171875,1054.5999755859375,1040.199951171875,1051.199951171875,1048.699951171875
sbin,2026-08-24,1047.9000244140625,1047.9000244140625,1032.0999755859375,1039.5,1046.699951171875,1032.0999755859375,1045.199951171875,1039.5
sbin,2026-08-25,1036.0,1048.0,1031.300048828125,1048.0,1048.0,1032.0999755859375,1035.0999755859375,1048.0
sbin,2026-08-26,1051.4000244140625,1062.300048828125,1051.199951171875,1052.0,1062.300048828125,1051.199951171875,1051.199951171875,1052.0
sbin,2026-08-27,1052.0,1054.4000244140625,1042.9000244140625,1042.9000244140625,1054.300048828125,1042.9000244140625,1052.5999755859375,1042.9000244140625
sbin,2026-08-28,1046.0,1051.199951171875,1040.5,1047.5,1051.199951171875,1040.800048828125,1047.4000244140625,1047.5
sbin,2026-08-31,1041.199951171875,1060.0,1034.5,1060.0,1060.0,1034.5,1042.199951171875,1060.0
sbin,2026-09-01,1051.300048828125,1051.300048828125,1027.0999755859375,1034.5,1051.300048828125,1027.699951171875,1051.300048828125,1034.5
sbin,2026-09-02,1026.0,1035.300048828125,1017.2999877929688,1020.9000244140624,1035.199951171875,1017.2999877929688,1026.800048828125,1020.9000244140624
sbin,2026-09-03,1028.9000244140625,1036.0,1021.0999755859376,1023.4000244140624,1036.0,1021.2000122070312,1026.199951171875,1023.4000244140624
sbin,2026-09-04,1026.0,1029.199951171875,1016.0999755859376,1016.0999755859376,1029.0,1016.0999755859376,1026.0,1016.0999755859376
sbin,2026-09-07,1020.7999877929688,1021.7000122070312,1000.5999755859376,1005.9000244140624,1021.5999755859376,1000.5999755859376,1020.4000244140624,1005.9000244140624
sbin,2026-09-08,1004.9000244140624,1011.2000122070312,1002.0999755859376,1008.0,1011.0,1002.2999877929688,1004.5999755859376,1008.0
sbin,2026-09-09,999.0,1012.2000122070312,992.4000244140624,1000.5,1012.0,992.7999877929688,1001.0,1000.5
sbin,2026-09-10,1002.0,1011.9000244140624,1001.0,1009.7000122070312,1011.7000122070312,1001.7000122070312,1002.0,1009.7000122070312
sbin,2026-09-11,1000.0,1001.9000244140624,993.0,995.7000122070312,1001.7999877929688,993.2999877929688,999.7999877929688,995.7000122070312
sbin,2026-09-15,994.0,999.7999877929688,968.0,968.0,998.7999877929688,968.0,996.4000244140624,968.0
sbin,2026-09-16,976.0,991.4000244140624,973.2000122070312,991.4000244140624,991.4000244140624,974.7999877929688,975.0999755859376,991.4000244140624
sbin,2026-09-17,991.2000122070312,1000.9000244140624,985.2000122070312,988.7000122070312,1000.9000244140624,985.2999877929688,990.7000122070312,988.7000122070312
sbin,2026-09-18,992.0,996.2000122070312,985.0999755859376,996.2000122070312,996.2000122070312,985.4000244140624,990.4000244140624,996.2000122070312
sbin,2026-09-21,993.5999755859376,997.5,989.0999755859376,996.0,997.4000244140624,989.7999877929688,991.5,996.0
sbin,2026-09-22,999.0999755859376,1000.0999755859376,981.2999877929688,987.0,999.2000122070312,981.2999877929688,998.7000122070312,987.0
sbin,2026-09-23,987.0,996.4000244140624,986.4000244140624,994.0999755859376,996.4000244140624,988.5999755859376,989.0,994.0999755859376
sbin,2026-09-24,982.2999877929688,992.0,975.7999877929688,978.5,992.0,975.9000244140624,984.0,978.5
sbin,2026-09-25,980.7999877929688,985.7000122070312,977.0,983.0,985.7000122070312,977.2000122070312,981.0,983.0
sbin,2026-09-28,980.0999755859376,982.5,956.0999755859376,962.0,981.0,956.0999755859376,981.0,962.0
sbin,2026-09-29,960.9000244140624,968.0999755859376,953.0,964.7000122070312,966.2000122070312,953.0,961.9000244140624,964.7000122070312
sbin,2026-09-30,964.7000122070312,972.7999877929688,959.5,959.5,972.7999877929688,959.5,966.0,959.5
sbin,2026-10-01,953.0999755859376,965.4000244140624,945.7999877929688,954.0999755859376,965.3499755859376,945.9000244140624,954.5499877929688,954.0999755859376
shriramfin,2026-08-18,1114.0,1124.9000244140625,1098.5999755859375,1108.4000244140625,1124.9000244140625,1098.5999755859375,1119.9000244140625,1108.4000244140625
shriramfin,2026-08-19,1108.4000244140625,1113.0,1098.199951171875,1106.0,1112.800048828125,1098.199951171875,1108.4000244140625,1106.0
shriramfin,2026-08-20,1118.9000244140625,1135.4000244140625,1115.5,1128.199951171875,1135.4000244140625,1116.0,1116.0,1128.199951171875
shriramfin,2026-08-21,1140.0,1140.0,1127.300048828125,1130.0,1138.0,1127.4000244140625,1138.0,1130.0
shriramfin,2026-08-24,1120.5,1137.300048828125,1112.0,1119.0,1136.4000244140625,1112.0,1121.5999755859375,1119.0
shriramfin,2026-08-25,1117.9000244140625,1138.5,1112.0,1138.5,1138.5,1112.0999755859375,1118.0,1138.5
shriramfin,2026-08-26,1141.4000244140625,1142.0,1105.0,1117.5,1141.699951171875,1105.5999755859375,1136.699951171875,1117.5
shriramfin,2026-08-27,1112.0,1127.5,1091.5,1101.0,1127.4000244140625,1091.5,1107.5999755859375,1101.0
shriramfin,2026-08-28,1105.0,1106.699951171875,1083.199951171875,1086.9000244140625,1102.5999755859375,1083.5999755859375,1102.5999755859375,1086.9000244140625
shriramfin,2026-08-31,1080.0,1109.9000244140625,1060.0999755859375,1109.9000244140625,1109.9000244140625,1060.199951171875,1078.5999755859375,1109.9000244140625
shriramfin,2026-09-01,1099.0,1099.0,1050.5999755859375,1059.0999755859375,1098.0,1051.5,1098.0,1059.0999755859375
shriramfin,2026-09-02,1048.0,1048.0,1026.0999755859375,1047.0,1047.0,1026.5,1043.0,1047.0
shriramfin,2026-09-03,1056.0,1068.9000244140625,1038.5999755859375,1044.199951171875,1067.0,1038.5999755859375,1067.0,1044.199951171875
shriramfin,2026-09-04,1044.199951171875,1052.800048828125,1037.0,1041.0,1052.699951171875,1037.0999755859375,1044.199951171875,1041.0
shriramfin,2026-09-07,1045.0,1046.0999755859375,1029.300048828125,1037.0,1045.0,1029.4000244140625,1045.0,1037.0
shriramfin,2026-09-08,1030.0,1031.9000244140625,1017.2000122070312,1029.0,1031.800048828125,1017.2999877929688,1023.0,1029.0
shriramfin,2026-09-09,1018.2000122070312,1034.800048828125,1013.0,1029.0,1034.300048828125,1015.7000122070312,1018.7000122070312,1029.0
shriramfin,2026-09-10,1030.0,1039.0,1020.9000244140624,1038.0,1039.0,1020.9000244140624,1026.4000244140625,1038.0
shriramfin,2026-09-11,1021.0,1034.5,1013.2000122070312,1028.5999755859375,1034.4000244140625,1013.2999877929688,1022.9000244140624,1028.5999755859375
shriramfin,2026-09-15,1044.9000244140625,1044.9000244140625,979.7999877929688,979.7999877929688,1038.4000244140625,979.7999877929688,1038.4000244140625,979.7999877929688
shriramfin,2026-09-16,979.0,990.2999877929688,972.5999755859376,979.0,990.0999755859376,972.7000122070312,977.9000244140624,979.0
shriramfin,2026-09-17,979.0,1005.5,978.2999877929688,995.0,1005.2999877929688,980.0,981.2000122070312,995.0
shriramfin,2026-09-18,1004.9000244140624,1019.0,1000.5,1010.0,1019.0,1001.0999755859376,1003.5,1010.0
shriramfin,2026-09-21,1019.0,1019.0,1005.2999877929688,1011.7999877929688,1018.0999755859376,1005.2999877929688,1013.0,1011.7999877929688
shriramfin,2026-09-22,1011.7999877929688,1016.5999755859376,995.5,1006.0,1016.5,995.7000122070312,1014.0,1006.0
shriramfin,2026-09-23,1012.0,1018.0,1005.5,1010.7999877929688,1017.7999877929688,1005.5999755859376,1014.5999755859376,1010.7999877929688
shriramfin,2026-09-24,999.0,1008.5999755859376,983.4000244140624,990.0,1007.7999877929688,983.5,998.7000122070312,990.0
shriramfin,2026-09-25,990.0,1002.0,986.4000244140624,994.0999755859376,1001.5999755859376,986.7999877929688,990.4000244140624,994.0999755859376
shriramfin,2026-09-28,990.0,991.2999877929688,970.0,976.2999877929688,991.2999877929688,970.0999755859376,991.2999877929688,976.2999877929688
shriramfin,2026-09-29,975.0,986.2000122070312,967.9000244140624,971.5,986.0,967.9000244140624,975.0999755859376,971.5
shriramfin,2026-09-30,972.2000122070312,987.0,965.0999755859376,982.7000122070312,987.0,965.2000122070312,974.7999877929688,982.7000122070312
shriramfin,2026-10-01,973.5,975.0,936.0,945.0,973.0,936.2000122070312,973.0,945.0
sunpharma,2026-08-18,1890.0,1899.0,1868.300048828125,1875.0999755859373,1899.0,1868.300048828125,1889.0,1875.0999755859373
sunpharma,2026-08-19,1871.0,1900.0,1871.0,1900.0,1900.0,1874.0,1878.5,1900.0
sunpharma,2026-08-20,1905.0,1911.5999755859373,1890.300048828125,1904.0,1910.0999755859373,1890.300048828125,1902.0,1904.0
sunpharma,2026-08-21,1916.0,1917.4000244140625,1882.800048828125,1902.4000244140625,1916.199951171875,1884.0,1908.199951171875,1902.4000244140625
sunpharma,2026-08-24,1902.4000244140625,1923.0,1892.5999755859373,1910.0,1922.9000244140625,1892.9000244140625,1895.199951171875,1910.0
sunpharma,2026-08-25,1906.5,1922.0,1896.199951171875,1922.0,1922.0,1897.5999755859373,1907.9000244140625,1922.0
sunpharma,2026-08-26,1926.9000244140625,1926.9000244140625,1899.5,1899.5,1925.9000244140625,1899.5,1925.9000244140625,1899.5
sunpharma,2026-08-27,1907.0999755859373,1925.0,1898.0,1913.300048828125,1925.0,1898.699951171875,1910.0999755859373,1913.300048828125
sunpharma,2026-08-28,1925.0,1931.0,1903.800048828125,1920.0,1931.0,1904.300048828125,1922.0,1920.0
sunpharma,2026-08-31,1917.0,1984.800048828125,1905.0,1984.800048828125,1984.800048828125,1905.300048828125,1911.5999755859373,1984.800048828125
sunpharma,2026-09-01,1963.0999755859373,1963.0999755859373,1921.0999755859373,1929.0,1956.0,1921.5,1955.4000244140625,1929.0
sunpharma,2026-09-02,1910.0,1948.5,1910.0,1931.699951171875,1948.5,1912.800048828125,1912.800048828125,1931.699951171875
sunpharma,2026-09-03,1932.0,1936.800048828125,1913.0,1916.0,1932.699951171875,1913.5,1932.699951171875,1916.0
sunpharma,2026-09-04,1912.0,1917.300048828125,1895.0,1899.0,1916.699951171875,1895.800048828125,1913.699951171875,1899.0
sunpharma,2026-09-07,1899.0,1907.800048828125,1883.0999755859373,1895.0,1907.800048828125,1883.9000244140625,1900.4000244140625,1895.0
sunpharma,2026-09-08,1892.0,1895.5999755859373,1876.800048828125,1885.9000244140625,1895.5,1877.4000244140625,1891.0,1885.9000244140625
sunpharma,2026-09-09,1892.5999755859373,1898.5999755859373,1864.9000244140625,1864.9000244140625,1898.5,1864.9000244140625,1893.300048828125,1864.9000244140625
sunpharma,2026-09-10,1865.9000244140625,1875.300048828125,1840.5,1861.0,1875.199951171875,1841.5,1872.199951171875,1861.0
sunpharma,2026-09-11,1845.0,1854.5,1834.0,1840.0,1854.0,1834.199951171875,1850.5,1840.0
sunpharma,2026-09-15,1854.5999755859373,1856.800048828125,1828.0,1835.0,1854.0999755859373,1828.0,1854.0999755859373,1835.0
sunpharma,2026-09-16,1843.5999755859373,1857.4000244140625,1837.0,1853.5,1857.4000244140625,1837.0999755859373,1843.300048828125,1853.5
sunpharma,2026-09-17,1853.5,1867.300048828125,1847.4000244140625,1867.300048828125,1867.300048828125,1847.4000244140625,1858.300048828125,1867.300048828125
sunpharma,2026-09-18,1866.0999755859373,1877.199951171875,1837.300048828125,1837.300048828125,1877.199951171875,1837.300048828125,1858.800048828125,1837.300048828125
sunpharma,2026-09-21,1832.199951171875,1891.5,1832.199951171875,1868.9000244140625,1891.0,1842.800048828125,1842.800048828125,1868.9000244140625
sunpharma,2026-09-22,1869.0,1876.4000244140625,1842.300048828125,1846.4000244140625,1876.0999755859373,1842.5,1868.0,1846.4000244140625
sunpharma,2026-09-23,1846.4000244140625,1869.5999755859373,1844.0,1865.0,1869.5999755859373,1845.0,1848.5,1865.0
sunpharma,2026-09-24,1859.0,1880.0,1848.4000244140625,1849.9000244140625,1879.9000244140625,1848.5,1863.0999755859373,1849.9000244140625
sunpharma,2026-09-25,1858.699951171875,1858.699951171875,1841.5999755859373,1852.199951171875,1855.9000244140625,1842.199951171875,1850.4000244140625,1852.199951171875
sunpharma,2026-09-28,1844.0,1856.5999755859373,1838.0,1838.0,1856.5,1838.0,1849.699951171875,1838.0
sunpharma,2026-09-29,1853.9000244140625,1865.0,1836.5999755859373,1865.0,1865.0,1837.300048828125,1854.199951171875,1865.0
sunpharma,2026-09-30,1861.300048828125,1863.5999755859373,1814.199951171875,1816.5999755859373,1860.5999755859373,1814.199951171875,1860.5999755859373,1816.5999755859373
sunpharma,2026-10-01,1815.0,1828.699951171875,1792.5999755859375,1801.0,1828.199951171875,1792.699951171875,1814.4000244140625,1801.0
tataconsum,2026-08-18,1075.5,1079.0999755859375,1061.5999755859375,1061.5999755859375,1078.0999755859375,1061.5999755859375,1078.0999755859375,1061.5999755859375
tataconsum,2026-08-19,1061.0999755859375,1071.5,1056.800048828125,1068.0,1071.300048828125,1058.5,1062.0,1068.0
tataconsum,2026-08-20,1068.5999755859375,1074.699951171875,1056.300048828125,1056.300048828125,1074.5999755859375,1056.300048828125,1071.9000244140625,1056.300048828125
tataconsum,2026-08-21,1060.0,1062.0,1044.699951171875,1049.0,1061.5,1044.800048828125,1060.0,1049.0
tataconsum,2026-08-24,1049.0,1062.5,1041.800048828125,1062.5,1062.5,1041.800048828125,1048.0,1062.5
tataconsum,2026-08-25,1061.699951171875,1061.699951171875,1051.0999755859375,1060.5,1060.800048828125,1051.0999755859375,1060.800048828125,1060.5
tataconsum,2026-08-26,1063.5,1063.5,1039.5999755859375,1047.0999755859375,1060.0,1039.5999755859375,1060.0,1047.0999755859375
tataconsum,2026-08-27,1041.0,1048.4000244140625,1035.5999755859375,1042.0,1047.9000244140625,1035.800048828125,1041.300048828125,1042.0
tataconsum,2026-08-28,1047.0,1047.0,1030.4000244140625,1040.699951171875,1042.5,1030.5,1042.5,1040.699951171875
tataconsum,2026-08-31,1036.4000244140625,1045.0999755859375,1028.0,1037.5,1044.5,1028.0,1031.4000244140625,1037.5
tataconsum,2026-09-01,1037.5,1041.800048828125,1025.0999755859375,1030.5,1038.4000244140625,1026.199951171875,1037.5999755859375,1030.5
tataconsum,2026-09-02,1025.5,1027.4000244140625,1008.2999877929688,1012.0,1027.4000244140625,1008.9000244140624,1027.4000244140625,1012.0
tataconsum,2026-09-03,1012.5,1023.0,1008.0,1019.2000122070312,1023.0,1008.2000122070312,1014.0,1019.2000122070312
tataconsum,2026-09-04,1020.0,1022.9000244140624,1008.5,1010.0,1022.7999877929688,1008.5999755859376,1022.7999877929688,1010.0
tataconsum,2026-09-07,1014.0,1019.9000244140624,1004.0,1015.0,1019.7000122070312,1004.2999877929688,1012.5999755859376,1015.0
tataconsum,2026-09-08,1015.0,1018.7000122070312,1007.9000244140624,1014.0999755859376,1018.2999877929688,1008.2999877929688,1012.2999877929688,1014.0999755859376
tataconsum,2026-09-09,1010.7999877929688,1013.7000122070312,1001.0,1001.0,1013.2000122070312,1001.0,1010.9000244140624,1001.0
tataconsum,2026-09-10,1004.0,1005.5999755859376,992.5,999.5999755859376,1005.5999755859376,993.5,1003.0999755859376,999.5999755859376
tataconsum,2026-09-11,993.0,1000.0,988.0,991.0,999.5999755859376,988.2000122070312,993.2999877929688,991.0
tataconsum,2026-09-15,990.0999755859376,1009.2999877929688,986.0,986.0999755859376,1008.4000244140624,986.0999755859376,988.4000244140624,986.0999755859376
tataconsum,2026-09-16,990.0,1010.5,988.7999877929688,1000.0999755859376,1010.2999877929688,991.4000244140624,991.4000244140624,1000.0999755859376
tataconsum,2026-09-17,1003.0999755859376,1020.2999877929688,999.0,1013.7000122070312,1019.7000122070312,999.0,1005.0999755859376,1013.7000122070312
tataconsum,2026-09-18,1016.2000122070312,1018.7000122070312,996.0,996.0,1016.5999755859376,996.0,1016.5999755859376,996.0
tataconsum,2026-09-21,998.9000244140624,1015.5,997.2000122070312,1000.5999755859376,1015.5,998.9000244140624,998.9000244140624,1000.5999755859376
tataconsum,2026-09-22,1002.9000244140624,1006.0,984.0999755859376,984.0999755859376,1004.5,984.0999755859376,1003.0,984.0999755859376
tataconsum,2026-09-23,988.4000244140624,997.0999755859376,985.0,994.2999877929688,997.0,985.0999755859376,988.4000244140624,994.2999877929688
tataconsum,2026-09-24,989.0,992.0,983.0,986.2999877929688,992.0,983.0,989.4000244140624,986.2999877929688
tataconsum,2026-09-25,988.0,989.9000244140624,979.2000122070312,983.2000122070312,989.2000122070312,980.0,984.0,980.0
tataconsum,2026-09-28,983.2000122070312,983.5999755859376,955.5,960.0,980.7000122070312,955.5999755859376,980.7000122070312,960.0
tataconsum,2026-09-29,961.7000122070312,969.0,953.9000244140624,967.7000122070312,968.0,954.0999755859376,962.2999877929688,967.7000122070312
tataconsum,2026-09-30,966.0,968.0999755859376,949.5,949.5,966.2000122070312,949.5,966.2000122070312,949.5
tataconsum,2026-10-01,952.0,964.7999877929688,945.0,957.0,964.75,945.2000122070312,952.0,957.0
tatasteel,2026-08-18,186.33999633789065,187.1100006103516,184.3300018310547,185.5,187.1000061035156,184.33999633789065,186.3999938964844,185.5
tatasteel,2026-08-19,184.16000366210935,184.9499969482422,182.5,184.0,184.69000244140625,182.5,184.1000061035156,184.0
tatasteel,2026-08-20,185.0,185.6000061035156,182.9499969482422,183.5,185.57000732421875,182.97999572753903,185.3000030517578,183.5
tatasteel,2026-08-21,184.3999938964844,184.94000244140625,182.0,183.0,184.8600006103516,182.22999572753903,184.1999969482422,183.0
tatasteel,2026-08-24,184.1499938964844,186.3000030517578,183.05999755859372,186.3000030517578,186.3000030517578,183.0800018310547,183.80999755859372,186.3000030517578
tatasteel,2026-08-25,186.3000030517578,187.2700042724609,183.5,186.94000244140625,187.2100067138672,183.5,186.3000030517578,186.94000244140625
tatasteel,2026-08-26,186.4900054931641,189.9499969482422,184.2899932861328,188.00999450683597,189.6100006103516,184.3300018310547,185.75,188.00999450683597
tatasteel,2026-08-27,188.0500030517578,190.25,186.5,186.8000030517578,190.2400054931641,186.6999969482422,188.3800048828125,186.8000030517578
tatasteel,2026-08-28,187.6000061035156,188.7899932861328,184.0800018310547,186.5,188.67999267578125,184.22000122070312,187.52999877929688,186.5
tatasteel,2026-08-31,185.3500061035156,185.82000732421875,181.3999938964844,184.3500061035156,185.6000061035156,181.3999938964844,185.6000061035156,184.3500061035156
tatasteel,2026-09-01,183.6999969482422,188.67999267578125,182.1199951171875,184.07000732421875,188.5,182.1499938964844,183.16000366210935,184.07000732421875
tatasteel,2026-09-02,182.5,184.05999755859372,181.44000244140625,183.8500061035156,184.0200042724609,181.5200042724609,182.6699981689453,183.8500061035156
tatasteel,2026-09-03,184.1100006103516,187.6499938964844,182.0,184.1999969482422,187.6499938964844,182.0,184.1100006103516,184.1999969482422
tatasteel,2026-09-04,184.1999969482422,189.8999938964844,182.83999633789065,188.7899932861328,189.8999938964844,182.83999633789065,184.1999969482422,188.7899932861328
tatasteel,2026-09-07,189.0,190.2400054931641,184.3699951171875,185.6100006103516,189.91000366210935,184.3699951171875,189.2100067138672,185.6100006103516
tatasteel,2026-09-08,185.8999938964844,186.5,183.6100006103516,184.1499938964844,186.5,183.6499938964844,185.80999755859372,184.1499938964844
tatasteel,2026-09-09,184.8000030517578,190.25999450683597,183.41000366210935,188.75,190.0200042724609,183.44000244140625,184.1000061035156,188.75
tatasteel,2026-09-10,189.0,189.0,185.0,186.77999877929688,188.75,185.16000366210935,188.75,186.77999877929688
tatasteel,2026-09-11,184.0,184.2400054931641,180.7899932861328,183.0,184.1999969482422,180.8600006103516,184.1999969482422,183.0
tatasteel,2026-09-15,186.1000061035156,186.4900054931641,182.3800048828125,183.6499938964844,186.1300048828125,182.3999938964844,186.1300048828125,183.6499938964844
tatasteel,2026-09-16,183.6499938964844,185.3999938964844,180.27999877929688,183.0,185.3999938964844,180.2899932861328,183.25999450683597,183.0
tatasteel,2026-09-17,183.0,189.4900054931641,182.8699951171875,187.2899932861328,189.47999572753903,182.8699951171875,182.8699951171875,187.2899932861328
tatasteel,2026-09-18,186.3999938964844,187.9600067138672,185.5399932861328,185.5399932861328,187.9600067138672,185.5399932861328,186.8999938964844,185.5399932861328
tatasteel,2026-09-21,184.5500030517578,186.8699951171875,183.33999633789065,183.3999938964844,186.8300018310547,183.3500061035156,185.0200042724609,183.3999938964844
tatasteel,2026-09-22,183.6000061035156,185.4900054931641,183.1000061035156,184.97000122070312,185.47000122070312,183.1000061035156,183.5,184.97000122070312
tatasteel,2026-09-23,184.8800048828125,191.5,184.8699951171875,190.82000732421875,191.47000122070312,185.1000061035156,185.3000030517578,190.82000732421875
tatasteel,2026-09-24,188.2100067138672,191.8000030517578,187.72000122070312,188.0200042724609,191.8000030517578,187.72999572753903,188.6000061035156,188.0200042724609
tatasteel,2026-09-25,188.57000732421875,190.33999633789065,187.00999450683597,187.97000122070312,190.32000732421875,187.02999877929688,188.75,187.97000122070312
tatasteel,2026-09-28,187.5500030517578,188.5800018310547,185.25,186.3000030517578,188.5800018310547,185.32000732421875,187.6000061035156,186.3000030517578
tatasteel,2026-09-29,184.77999877929688,189.0,184.2400054931641,188.0,188.82000732421875,184.25,185.0,188.0
tatasteel,2026-09-30,189.0,189.5500030517578,184.3000030517578,184.3000030517578,189.5500030517578,184.3000030517578,189.1000061035156,184.3000030517578
tatasteel,2026-10-01,184.3699951171875,186.5500030517578,175.75,178.0,186.5500030517578,175.77000427246094,184.6999969482422,178.0
tcs,2026-08-18,2300.0,2307.0,2280.0,2280.0,2305.699951171875,2280.0,2305.699951171875,2280.0
tcs,2026-08-19,2293.60009765625,2308.199951171875,2258.300048828125,2289.0,2300.89990234375,2258.5,2293.60009765625,2289.0
tcs,2026-08-20,2319.39990234375,2329.0,2288.10009765625,2298.0,2325.300048828125,2288.699951171875,2307.10009765625,2298.0
tcs,2026-08-21,2290.10009765625,2307.199951171875,2263.300048828125,2302.0,2306.60009765625,2263.5,2292.0,2302.0
tcs,2026-08-24,2302.39990234375,2321.60009765625,2279.5,2284.10009765625,2319.89990234375,2280.0,2293.300048828125,2284.10009765625
tcs,2026-08-25,2305.0,2313.5,2262.0,2296.199951171875,2312.0,2262.0,2304.0,2296.199951171875
tcs,2026-08-26,2305.10009765625,2306.300048828125,2266.39990234375,2270.0,2305.5,2266.5,2304.199951171875,2270.0
tcs,2026-08-27,2270.0,2283.60009765625,2243.89990234375,2248.39990234375,2283.5,2244.10009765625,2273.699951171875,2248.39990234375
tcs,2026-08-28,2272.0,2348.5,2263.300048828125,2342.0,2348.300048828125,2272.10009765625,2272.10009765625,2342.0
tcs,2026-08-31,2342.0,2399.300048828125,2306.199951171875,2399.300048828125,2399.300048828125,2306.199951171875,2341.0,2399.300048828125
tcs,2026-09-01,2355.0,2372.0,2325.0,2369.0,2371.199951171875,2325.699951171875,2348.800048828125,2369.0
tcs,2026-09-02,2347.89990234375,2363.0,2303.5,2348.0,2363.0,2304.0,2343.10009765625,2348.0
tcs,2026-09-03,2353.60009765625,2353.60009765625,2316.10009765625,2320.10009765625,2353.300048828125,2316.10009765625,2353.300048828125,2320.10009765625
tcs,2026-09-04,2330.0,2363.89990234375,2302.39990234375,2304.0,2363.89990234375,2302.5,2332.300048828125,2304.0
tcs,2026-09-07,2290.10009765625,2299.89990234375,2260.10009765625,2270.0,2299.89990234375,2260.10009765625,2284.800048828125,2270.0
tcs,2026-09-08,2270.0,2274.5,2244.0,2255.5,2274.5,2244.300048828125,2272.0,2255.5
tcs,2026-09-09,2237.0,2237.0,2193.199951171875,2208.0,2234.89990234375,2193.699951171875,2234.89990234375,2208.0
tcs,2026-09-10,2199.0,2232.0,2190.60009765625,2204.10009765625,2232.0,2190.60009765625,2199.0,2204.10009765625
tcs,2026-09-11,2185.5,2232.60009765625,2185.5,2200.800048828125,2231.89990234375,2186.199951171875,2190.0,2200.800048828125
tcs,2026-09-15,2275.5,2323.0,2251.0,2251.0,2322.800048828125,2251.0,2279.10009765625,2251.0
tcs,2026-09-16,2270.0,2273.89990234375,2172.0,2188.800048828125,2272.89990234375,2172.60009765625,2267.800048828125,2188.800048828125
tcs,2026-09-17,2171.0,2263.60009765625,2162.5,2190.0,2262.800048828125,2163.199951171875,2177.10009765625,2190.0
tcs,2026-09-18,2177.199951171875,2177.300048828125,2101.199951171875,2105.0,2175.0,2101.60009765625,2175.0,2105.0
tcs,2026-09-21,2090.0,2145.0,2075.300048828125,2128.699951171875,2144.5,2078.39990234375,2090.0,2128.699951171875
tcs,2026-09-22,2135.10009765625,2135.199951171875,2098.199951171875,2105.0,2131.300048828125,2098.89990234375,2131.300048828125,2105.0
tcs,2026-09-23,2099.0,2104.199951171875,2077.60009765625,2089.60009765625,2102.60009765625,2078.0,2102.300048828125,2089.60009765625
tcs,2026-09-24,2076.0,2096.89990234375,2067.10009765625,2087.0,2096.89990234375,2068.699951171875,2068.699951171875,2087.0
tcs,2026-09-25,2054.0,2090.199951171875,2038.0999755859373,2082.0,2090.10009765625,2039.800048828125,2068.0,2082.0
tcs,2026-09-28,2100.0,2100.0,2051.0,2070.699951171875,2098.89990234375,2051.0,2097.0,2070.699951171875
tcs,2026-09-29,2065.0,2085.10009765625,2032.4000244140625,2032.4000244140625,2084.699951171875,2032.4000244140625,2070.0,2032.4000244140625
tcs,2026-09-30,2069.0,2101.0,2050.60009765625,2050.60009765625,2100.5,2050.60009765625,2068.60009765625,2050.60009765625
tcs,2026-10-01,2052.60009765625,2093.89990234375,2045.0999755859373,2075.0,2093.89990234375,2045.0999755859373,2066.5,2075.0
techm,2026-08-18,1605.0,1608.0,1579.9000244140625,1592.0,1603.5999755859375,1580.5,1603.5999755859375,1592.0
techm,2026-08-19,1601.5,1610.699951171875,1575.800048828125,1589.800048828125,1606.9000244140625,1576.0,1603.5,1589.800048828125
techm,2026-08-20,1601.5999755859375,1610.0,1588.699951171875,1592.0999755859375,1610.0,1588.699951171875,1604.800048828125,1592.0999755859375
techm,2026-08-21,1592.0999755859375,1602.0,1576.5,1584.0,1601.800048828125,1576.800048828125,1592.9000244140625,1584.0
techm,2026-08-24,1580.0999755859375,1599.0,1574.0999755859375,1584.0,1599.0,1574.0999755859375,1583.0,1584.0
techm,2026-08-25,1588.0999755859375,1599.9000244140625,1562.0,1599.9000244140625,1599.9000244140625,1562.0,1590.0,1599.9000244140625
techm,2026-08-26,1607.5,1614.9000244140625,1565.800048828125,1571.0,1610.800048828125,1566.0,1610.800048828125,1571.0
techm,2026-08-27,1571.5999755859375,1600.0,1571.5999755859375,1585.0,1599.0,1577.0,1577.0,1585.0
techm,2026-08-28,1600.0,1642.0,1598.0,1640.9000244140625,1642.0,1601.0,1601.0,1640.9000244140625
techm,2026-08-31,1640.0,1640.9000244140625,1609.0999755859375,1628.0,1640.800048828125,1609.199951171875,1640.800048828125,1628.0
techm,2026-09-01,1630.0,1649.0,1613.699951171875,1638.0,1649.0,1614.5,1634.0999755859375,1638.0
techm,2026-09-02,1630.0,1637.199951171875,1604.5,1623.0,1632.5999755859375,1604.5,1629.699951171875,1623.0
techm,2026-09-03,1623.0,1625.5999755859375,1592.0,1598.0,1625.0999755859375,1592.0,1625.0999755859375,1598.0
techm,2026-09-04,1605.0999755859375,1623.4000244140625,1586.9000244140625,1596.9000244140625,1623.4000244140625,1587.0,1606.0,1596.9000244140625
techm,2026-09-07,1575.0999755859375,1593.5999755859375,1545.300048828125,1564.0,1584.199951171875,1545.4000244140625,1584.199951171875,1564.0
techm,2026-09-08,1556.0999755859375,1569.9000244140625,1541.4000244140625,1559.0,1569.699951171875,1541.5,1550.9000244140625,1559.0
techm,2026-09-09,1531.0,1531.0,1498.0,1508.0,1519.4000244140625,1498.0999755859375,1512.4000244140625,1508.0
techm,2026-09-10,1511.9000244140625,1544.699951171875,1498.0999755859375,1525.800048828125,1544.5999755859375,1498.4000244140625,1507.699951171875,1525.800048828125
techm,2026-09-11,1519.300048828125,1557.300048828125,1518.5999755859375,1541.0,1557.300048828125,1521.0999755859375,1521.0999755859375,1541.0
techm,2026-09-15,1588.0,1633.199951171875,1575.9000244140625,1575.9000244140625,1632.5,1575.9000244140625,1595.699951171875,1575.9000244140625
techm,2026-09-16,1578.199951171875,1589.199951171875,1548.0,1558.0,1589.0,1548.0,1584.9000244140625,1558.0
techm,2026-09-17,1545.0999755859375,1569.699951171875,1538.0,1561.0,1569.699951171875,1538.300048828125,1550.300048828125,1561.0
techm,2026-09-18,1558.300048828125,1561.199951171875,1523.0999755859375,1537.0999755859375,1551.0999755859375,1523.300048828125,1551.0999755859375,1537.0999755859375
techm,2026-09-21,1529.0,1560.5999755859375,1525.0999755859375,1558.5,1560.4000244140625,1526.0,1528.5999755859375,1558.5
techm,2026-09-22,1553.699951171875,1558.699951171875,1530.9000244140625,1551.5999755859375,1558.5999755859375,1530.9000244140625,1553.699951171875,1551.5999755859375
techm,2026-09-23,1540.0,1558.0,1539.300048828125,1557.0,1558.0,1542.5,1542.5,1557.0
techm,2026-09-24,1549.9000244140625,1576.199951171875,1543.0,1543.0,1575.800048828125,1543.0,1544.9000244140625,1543.0
techm,2026-09-25,1540.0,1554.699951171875,1526.5999755859375,1548.0,1553.5,1527.300048828125,1540.0999755859375,1548.0
techm,2026-09-28,1548.0,1557.0,1526.800048828125,1542.199951171875,1557.0,1526.800048828125,1550.5,1542.199951171875
techm,2026-09-29,1542.300048828125,1557.5,1510.5,1510.5,1552.4000244140625,1510.5,1551.9000244140625,1510.5
techm,2026-09-30,1524.5999755859375,1559.5,1518.0,1524.0,1559.0,1520.5999755859375,1525.0,1524.0
techm,2026-10-01,1540.0,1554.800048828125,1512.0,1533.0,1554.800048828125,1513.0999755859375,1545.300048828125,1533.0
titan,2026-08-18,5060.0,5094.89990234375,5042.5,5048.60009765625,5093.5,5042.5,5070.2001953125,5048.60009765625
titan,2026-08-19,5045.0,5074.7998046875,5038.0,5068.0,5074.5,5038.2998046875,5055.39990234375,5068.0
titan,2026-08-20,5084.89990234375,5110.0,5060.10009765625,5068.0,5110.0,5063.89990234375,5076.5,5068.0
titan,2026-08-21,5068.0,5090.39990234375,5011.0,5086.10009765625,5088.10009765625,5011.2001953125,5077.2998046875,5086.10009765625
titan,2026-08-24,5086.7998046875,5093.39990234375,5050.0,5079.0,5089.7998046875,5050.0,5084.7001953125,5079.0
titan,2026-08-25,5059.10009765625,5124.7998046875,5052.7001953125,5124.7998046875,5124.7998046875,5057.39990234375,5060.2998046875,5124.7998046875
titan,2026-08-26,5149.89990234375,5149.89990234375,5091.0,5100.0,5142.7998046875,5091.0,5139.2001953125,5100.0
titan,2026-08-27,5100.0,5186.7001953125,5069.5,5139.2998046875,5186.7001953125,5069.60009765625,5107.39990234375,5139.2998046875
titan,2026-08-28,5155.0,5169.89990234375,5136.0,5169.2001953125,5169.89990234375,5136.0,5154.2998046875,5169.2001953125
titan,2026-08-31,5159.0,5159.0,5088.0,5102.39990234375,5150.60009765625,5088.0,5150.60009765625,5102.39990234375
titan,2026-09-01,5104.0,5126.5,5010.5,5050.0,5122.0,5013.0,5103.5,5050.0
titan,2026-09-02,4972.0,5092.0,4971.5,5074.0,5074.0,4979.0,5020.0,5074.0
titan,2026-09-03,5057.5,5072.5,4952.0,5027.0,5069.0,4952.5,5069.0,5027.0
titan,2026-09-04,5010.0,5022.0,4980.0,5020.0,5022.0,4980.0,5005.5,5020.0
titan,2026-09-07,5010.0,5028.0,4958.5,4995.0,5017.5,4961.5,5011.5,4995.0
titan,2026-09-08,4975.0,5015.5,4969.0,4987.0,5015.0,4975.0,4975.0,4987.0
titan,2026-09-09,5010.0,5019.0,4968.0,5005.0,5019.0,4968.0,4998.5,5005.0
titan,2026-09-10,5000.5,5021.0,4974.5,5021.0,5021.0,4976.5,4979.0,5021.0
titan,2026-09-11,4964.0,5015.0,4943.0,5009.5,5015.0,4945.0,4987.0,5009.5
titan,2026-09-15,5003.0,5003.0,4856.0,4856.0,5000.5,4856.0,5000.5,4856.0
titan,2026-09-16,4880.0,4921.5,4845.0,4908.5,4921.0,4845.0,4890.5,4908.5
titan,2026-09-17,4895.0,4915.5,4838.5,4841.0,4914.5,4839.5,4881.5,4841.0
titan,2026-09-18,4851.0,4864.5,4772.0,4798.5,4863.5,4772.0,4850.0,4798.5
titan,2026-09-21,4816.5,4880.0,4780.0,4875.0,4879.0,4780.0,4810.5,4875.0
titan,2026-09-22,4876.0,4982.0,4862.5,4928.5,4981.0,4863.0,4882.5,4928.5
titan,2026-09-23,4928.5,4951.0,4852.5,4880.0,4950.0,4852.5,4936.5,4880.0
titan,2026-09-24,4868.0,4912.0,4830.0,4832.5,4910.0,4830.0,4873.0,4832.5
titan,2026-09-25,4855.0,4884.0,4821.5,4884.0,4884.0,4821.5,4835.5,4884.0
titan,2026-09-28,4881.0,4881.0,4810.0,4819.5,4878.5,4810.0,4878.5,4819.5
titan,2026-09-29,4808.0,4818.5,4675.0,4675.0,4818.5,4675.0,4818.5,4675.0
titan,2026-09-30,4683.0,4698.0,4587.0,4587.0,4698.0,4587.0,4676.0,4587.0
titan,2026-10-01,4574.89990234375,4621.7998046875,4491.0,4515.7001953125,4621.39990234375,4491.0,4591.0,4515.7001953125
tmpv,2026-08-18,330.5,331.70001220703125,322.79998779296875,322.79998779296875,331.25,322.79998779296875,331.25,322.79998779296875
tmpv,2026-08-19,323.8500061035156,324.0,320.20001220703125,321.29998779296875,323.75,320.20001220703125,323.75,321.29998779296875
tmpv,2026-08-20,323.3999938964844,324.54998779296875,318.45001220703125,320.25,324.54998779296875,318.45001220703125,323.6000061035156,320.25
tmpv,2026-08-21,321.5,322.3999938964844,316.8999938964844,317.8999938964844,322.20001220703125,316.8999938964844,322.0,317.8999938964844
tmpv,2026-08-24,318.79998779296875,319.6499938964844,312.6000061035156,314.3999938964844,319.3999938964844,312.79998779296875,318.5,314.3999938964844
tmpv,2026-08-25,314.8999938964844,314.8999938964844,310.54998779296875,314.25,314.5,310.54998779296875,313.8999938964844,314.25
tmpv,2026-08-26,316.0,316.3999938964844,313.1000061035156,313.1000061035156,316.3999938964844,313.1000061035156,316.0,313.1000061035156
tmpv,2026-08-27,315.0,319.6000061035156,314.1499938964844,316.0,319.54998779296875,314.1499938964844,314.75,316.0
tmpv,2026-08-28,317.5,319.3999938964844,313.29998779296875,319.3999938964844,319.3999938964844,313.3999938964844,316.6000061035156,319.3999938964844
tmpv,2026-08-31,318.3999938964844,318.8999938964844,308.8500061035156,308.8500061035156,318.79998779296875,308.8500061035156,317.20001220703125,308.8500061035156
tmpv,2026-09-01,317.20001220703125,317.29998779296875,308.95001220703125,310.0,317.20001220703125,309.29998779296875,316.0,310.0
tmpv,2026-09-02,307.70001220703125,312.95001220703125,305.6499938964844,312.75,312.79998779296875,306.0,307.6000061035156,312.75
tmpv,2026-09-03,314.0,314.25,309.6000061035156,312.0,313.6000061035156,309.70001220703125,313.20001220703125,312.0
tmpv,2026-09-04,312.0,315.5,310.6499938964844,311.5,315.5,310.8999938964844,312.0,311.5
tmpv,2026-09-07,311.5,312.0,307.0,307.0,312.0,307.0,311.95001220703125,307.0
tmpv,2026-09-08,306.1000061035156,306.6499938964844,302.45001220703125,306.45001220703125,306.45001220703125,302.5,305.8500061035156,306.45001220703125
tmpv,2026-09-09,306.45001220703125,306.45001220703125,300.79998779296875,303.0,305.70001220703125,300.8500061035156,305.70001220703125,303.0
tmpv,2026-09-10,303.0,304.0,300.04998779296875,300.5,303.8999938964844,300.1000061035156,303.6499938964844,300.5
tmpv,2026-09-11,299.75,304.3999938964844,296.5,301.1000061035156,304.3999938964844,296.70001220703125,299.75,301.1000061035156
tmpv,2026-09-15,320.0,320.1499938964844,303.5,303.6000061035156,316.8500061035156,303.6000061035156,316.45001220703125,303.6000061035156
tmpv,2026-09-16,304.25,306.0,299.29998779296875,301.0,305.1499938964844,300.20001220703125,305.0,301.0
tmpv,2026-09-17,301.0,319.79998779296875,299.75,314.5,319.79998779296875,300.04998779296875,300.3999938964844,314.5
tmpv,2026-09-18,309.6000061035156,310.0,301.5,303.79998779296875,308.29998779296875,301.6499938964844,308.29998779296875,303.79998779296875
tmpv,2026-09-21,303.79998779296875,303.79998779296875,299.1000061035156,301.6499938964844,303.3500061035156,299.20001220703125,302.6499938964844,301.6499938964844
tmpv,2026-09-22,302.1000061035156,302.79998779296875,298.5,300.04998779296875,302.79998779296875,298.79998779296875,302.45001220703125,300.04998779296875
tmpv,2026-09-23,300.1000061035156,302.6499938964844,298.70001220703125,300.5,302.6000061035156,298.75,300.20001220703125,300.5
tmpv,2026-09-24,299.79998779296875,300.95001220703125,295.0,295.0,300.8500061035156,295.0,299.29998779296875,295.0
tmpv,2026-09-25,297.0,297.70001220703125,288.0,290.45001220703125,297.70001220703125,288.0,296.20001220703125,290.45001220703125
tmpv,2026-09-28,290.45001220703125,291.20001220703125,280.20001220703125,281.75,291.0,280.5,291.0,281.75
tmpv,2026-09-29,279.0,281.3999938964844,272.20001220703125,280.95001220703125,281.3999938964844,272.3500061035156,278.6499938964844,280.95001220703125
tmpv,2026-09-30,281.0,287.04998779296875,280.1000061035156,283.5,286.8999938964844,280.20001220703125,280.95001220703125,283.5
tmpv,2026-10-01,280.0,281.29998779296875,273.3500061035156,279.3999938964844,281.25,273.45001220703125,280.5,279.3999938964844
trent,2026-08-18,2946.10009765625,2980.39990234375,2932.10009765625,2942.10009765625,2980.39990234375,2934.300048828125,2954.60009765625,2942.10009765625
trent,2026-08-19,2942.10009765625,2972.0,2938.0,2953.0,2972.0,2939.0,2949.60009765625,2953.0
trent,2026-08-20,2960.0,2978.0,2947.10009765625,2970.0,2978.0,2947.89990234375,2947.89990234375,2970.0
trent,2026-08-21,2970.0,2976.60009765625,2914.0,2924.0,2976.5,2914.300048828125,2965.89990234375,2924.0
trent,2026-08-24,2924.0,2938.60009765625,2892.199951171875,2905.0,2938.0,2894.199951171875,2921.60009765625,2905.0
trent,2026-08-25,2910.0,2938.89990234375,2893.800048828125,2930.0,2938.699951171875,2896.0,2909.199951171875,2930.0
trent,2026-08-26,2950.0,2954.800048828125,2906.199951171875,2908.199951171875,2954.800048828125,2906.5,2949.300048828125,2908.199951171875
trent,2026-08-27,2908.199951171875,2923.5,2868.199951171875,2878.5,2922.199951171875,2868.39990234375,2910.0,2878.5
trent,2026-08-28,2890.39990234375,2911.199951171875,2875.800048828125,2898.0,2911.199951171875,2876.199951171875,2880.199951171875,2898.0
trent,2026-08-31,2895.89990234375,2901.199951171875,2865.10009765625,2879.89990234375,2901.199951171875,2866.0,2887.800048828125,2879.89990234375
trent,2026-09-01,2880.0,2911.89990234375,2855.0,2855.0,2902.199951171875,2855.0,2881.800048828125,2855.0
trent,2026-09-02,2845.0,2873.0,2810.0,2852.300048828125,2869.800048828125,2810.10009765625,2838.199951171875,2852.300048828125
trent,2026-09-03,2860.0,2879.800048828125,2815.60009765625,2815.60009765625,2879.800048828125,2815.60009765625,2862.5,2815.60009765625
trent,2026-09-04,2849.0,2879.0,2833.199951171875,2853.0,2879.0,2835.10009765625,2849.0,2853.0
trent,2026-09-07,2850.0,2854.39990234375,2772.5,2814.5,2854.39990234375,2773.0,2849.300048828125,2814.5
trent,2026-09-08,2800.5,2812.800048828125,2770.39990234375,2793.60009765625,2809.699951171875,2771.199951171875,2809.699951171875,2793.60009765625
trent,2026-09-09,2793.60009765625,2841.800048828125,2782.0,2820.0,2841.5,2782.0,2791.199951171875,2820.0
trent,2026-09-10,2811.0,2835.0,2800.0,2818.699951171875,2830.60009765625,2800.0,2815.10009765625,2818.699951171875
trent,2026-09-11,2789.0,2816.0,2757.5,2802.39990234375,2815.89990234375,2758.699951171875,2791.39990234375,2802.39990234375
trent,2026-09-15,2802.39990234375,2817.60009765625,2730.0,2730.0,2814.10009765625,2730.0,2812.5,2730.0
trent,2026-09-16,2735.39990234375,2799.199951171875,2723.89990234375,2769.699951171875,2795.10009765625,2727.800048828125,2735.39990234375,2769.699951171875
trent,2026-09-17,2760.0,2811.0,2760.0,2789.0,2808.0,2764.199951171875,2769.0,2789.0
trent,2026-09-18,2789.300048828125,2824.0,2776.10009765625,2824.0,2824.0,2776.10009765625,2789.0,2824.0
trent,2026-09-21,2813.89990234375,2836.89990234375,2801.0,2815.5,2836.60009765625,2801.0,2810.0,2815.5
trent,2026-09-22,2838.699951171875,2847.89990234375,2754.199951171875,2782.89990234375,2846.39990234375,2754.800048828125,2827.300048828125,2782.89990234375
trent,2026-09-23,2782.89990234375,2794.39990234375,2764.5,2774.0,2794.300048828125,2765.0,2783.5,2774.0
trent,2026-09-24,2765.0,2767.5,2699.89990234375,2700.0,2767.300048828125,2700.0,2765.0,2700.0
trent,2026-09-25,2720.0,2720.0,2646.0,2669.300048828125,2719.5,2646.0,2716.0,2669.300048828125
trent,2026-09-28,2660.0,2663.800048828125,2615.10009765625,2626.0,2658.0,2615.10009765625,2658.0,2626.0
trent,2026-09-29,2626.0,2642.699951171875,2580.39990234375,2635.0,2641.60009765625,2580.39990234375,2616.39990234375,2635.0
trent,2026-09-30,2651.10009765625,2669.89990234375,2618.0,2621.60009765625,2669.89990234375,2618.0,2638.0,2621.60009765625
trent,2026-10-01,2615.0,2624.0,2545.800048828125,2580.0,2623.199951171875,2546.0,2603.89990234375,2580.0
ultracemco,2026-08-18,11626.0,11674.0,11499.0,11499.0,11647.0,11499.0,11646.0,11499.0
ultracemco,2026-08-19,11499.0,11499.0,11396.0,11450.0,11495.0,11397.0,11495.0,11450.0
ultracemco,2026-08-20,11500.0,11643.0,11422.0,11575.0,11637.0,11424.0,11481.0,11575.0
ultracemco,2026-08-21,11549.0,11620.0,11526.0,11570.0,11620.0,11526.0,11574.0,11570.0
ultracemco,2026-08-24,11566.0,11606.0,11484.0,11504.0,11605.0,11485.0,11555.0,11504.0
ultracemco,2026-08-25,11505.0,11554.0,11445.0,11540.0,11553.0,11445.0,11505.0,11540.0
ultracemco,2026-08-26,11580.0,11820.0,11580.0,11717.0,11820.0,11599.0,11599.0,11717.0
ultracemco,2026-08-27,11674.0,11815.0,11674.0,11717.0,11814.0,11675.0,11715.0,11717.0
ultracemco,2026-08-28,11705.0,11746.0,11523.0,11589.0,11671.0,11528.0,11660.0,11589.0
ultracemco,2026-08-31,11550.0,11560.0,11415.0,11450.0,11520.0,11426.0,11503.0,11450.0
ultracemco,2026-09-01,11450.0,11550.0,11390.0,11400.0,11548.0,11391.0,11500.0,11400.0
ultracemco,2026-09-02,11350.0,11398.0,11180.0,11393.0,11393.0,11180.0,11339.0,11393.0
ultracemco,2026-09-03,11450.0,11450.0,11275.0,11275.0,11421.0,11275.0,11401.0,11275.0
ultracemco,2026-09-04,11357.0,11434.0,11292.0,11408.0,11433.0,11292.0,11375.0,11408.0
ultracemco,2026-09-07,11370.0,11370.0,11175.0,11175.0,11359.0,11175.0,11359.0,11175.0
ultracemco,2026-09-08,11175.0,11215.0,10995.0,11009.0,11151.0,10995.0,11150.0,11009.0
ultracemco,2026-09-09,10975.0,10998.0,10860.0,10900.0,10994.0,10861.0,10933.0,10900.0
ultracemco,2026-09-10,10896.0,10979.0,10858.0,10979.0,10979.0,10861.0,10875.0,10979.0
ultracemco,2026-09-11,10859.0,11060.0,10790.0,11000.0,11016.0,10794.0,10862.0,11000.0
ultracemco,2026-09-15,11045.0,11045.0,10697.0,10697.0,11007.0,10697.0,11007.0,10697.0
ultracemco,2026-09-16,10777.0,10880.0,10639.0,10700.0,10877.0,10650.0,10746.0,10700.0
ultracemco,2026-09-17,10740.0,10841.0,10703.0,10764.0,10831.0,10707.0,10715.0,10764.0
ultracemco,2026-09-18,10890.0,11060.0,10819.0,11014.0,11059.0,10823.0,10860.0,11014.0
ultracemco,2026-09-21,11014.0,11146.0,10983.0,11100.0,11145.0,10983.0,11040.0,11100.0
ultracemco,2026-09-22,11100.0,11142.0,11000.0,11000.0,11141.0,11000.0,11115.0,11000.0
ultracemco,2026-09-23,11050.0,11198.0,11044.0,11155.0,11197.0,11044.0,11059.0,11155.0
ultracemco,2026-09-24,11098.0,11192.0,11056.0,11056.0,11192.0,11056.0,11097.0,11056.0
ultracemco,2026-09-25,11100.0,11184.0,11027.0,11155.0,11184.0,11028.0,11068.0,11155.0
ultracemco,2026-09-28,11155.0,11155.0,10978.0,11025.0,11155.0,10981.0,11155.0,11025.0
ultracemco,2026-09-29,11010.0,11027.0,10826.0,10829.0,11026.0,10827.0,11005.0,10829.0
ultracemco,2026-09-30,10829.0,10971.0,10800.0,10956.0,10970.0,10812.0,10840.0,10956.0
ultracemco,2026-10-01,10810.0,10879.0,10612.0,10710.0,10849.0,10615.0,10849.0,10710.0
wipro,2026-08-18,181.8999938964844,181.9900054931641,178.05999755859375,178.05999755859375,181.6000061035156,178.05999755859375,181.6000061035156,178.05999755859375
wipro,2026-08-19,179.05999755859375,179.9499969482422,178.22000122070312,179.5500030517578,179.8800048828125,178.30999755859375,179.05999755859375,179.5500030517578
wipro,2026-08-20,181.55999755859372,182.4600067138672,180.50999450683597,181.0,182.3000030517578,180.57000732421875,181.57000732421875,181.0
wipro,2026-08-21,180.6000061035156,181.75999450683597,180.0,180.7899932861328,181.72999572753903,180.0,180.58999633789065,180.7899932861328
wipro,2026-08-24,181.0,183.9199981689453,180.55999755859372,181.30999755859372,183.8800048828125,180.6000061035156,181.3000030517578,181.30999755859372
wipro,2026-08-25,181.2899932861328,181.2899932861328,178.38999938964844,180.08999633789062,181.19000244140625,178.42999267578125,181.19000244140625,180.08999633789062
wipro,2026-08-26,180.08999633789062,180.9499969482422,176.66000366210938,177.35000610351562,180.75999450683597,176.7100067138672,180.1199951171875,177.35000610351562
wipro,2026-08-27,177.35000610351562,178.6999969482422,176.39999389648438,176.39999389648438,178.6999969482422,176.39999389648438,177.35000610351562,177.39999389648438
wipro,2026-08-28,178.25,181.8500061035156,178.25,180.9499969482422,181.7700042724609,178.3699951171875,178.3699951171875,180.9499969482422
wipro,2026-08-31,180.1699981689453,184.5,176.1699981689453,184.5,184.5,176.1699981689453,180.5,184.5
wipro,2026-09-01,181.0,182.1000061035156,178.5,181.6999969482422,182.00999450683597,178.6999969482422,181.0,181.6999969482422
wipro,2026-09-02,180.0,180.38999938964844,176.8000030517578,177.08999633789062,180.08999633789062,176.82000732421875,180.0,177.08999633789062
wipro,2026-09-03,177.5,178.0399932861328,175.72000122070312,175.72000122070312,177.82000732421875,175.72000122070312,177.5,175.72000122070312
wipro,2026-09-04,176.74000549316406,178.75,176.39999389648438,176.39999389648438,178.72000122070312,176.39999389648438,176.8000030517578,176.39999389648438
wipro,2026-09-07,175.88999938964844,176.47000122070312,172.64999389648438,172.8000030517578,176.22000122070312,172.64999389648438,176.1699981689453,172.8000030517578
wipro,2026-09-08,172.8000030517578,172.89999389648438,171.1300048828125,171.5,172.64999389648438,171.19000244140625,172.1999969482422,171.5
wipro,2026-09-09,168.6999969482422,169.14999389648438,166.3699951171875,167.0,169.0800018310547,166.5800018310547,168.6999969482422,167.0
wipro,2026-09-10,167.89999389648438,169.19000244140625,166.0,166.3000030517578,169.19000244140625,166.02000427246094,166.94000244140625,166.3000030517578
wipro,2026-09-11,165.1999969482422,167.75,165.16000366210938,167.39999389648438,167.75,165.17999267578125,165.44000244140625,167.39999389648438
wipro,2026-09-15,172.1999969482422,173.35000610351562,169.00999450683594,170.0,173.22000122070312,169.17999267578125,172.16000366210938,170.0
wipro,2026-09-16,170.02000427246094,170.88999938964844,166.11000061035156,166.88999938964844,170.8800048828125,166.11000061035156,170.05999755859375,166.88999938964844
wipro,2026-09-17,165.75,167.60000610351562,165.02000427246094,166.39999389648438,167.4499969482422,165.14999389648438,165.49000549316406,166.39999389648438
wipro,2026-09-18,166.89999389648438,166.89999389648438,163.3000030517578,166.8300018310547,166.8300018310547,163.36000061035156,165.94000244140625,166.8300018310547
wipro,2026-09-21,165.24000549316406,165.5,163.33999633789062,164.5500030517578,165.47000122070312,163.39999389648438,165.24000549316406,164.5500030517578
wipro,2026-09-22,164.80999755859375,166.0,163.2100067138672,166.0,166.0,163.2100067138672,164.80999755859375,166.0
wipro,2026-09-23,164.6999969482422,165.6999969482422,164.10000610351562,164.89999389648438,165.69000244140625,164.11000061035156,164.9499969482422,164.89999389648438
wipro,2026-09-24,164.16000366210938,165.6699981689453,163.36000061035156,163.63999938964844,165.60000610351562,163.39999389648438,164.22000122070312,163.63999938964844
wipro,2026-09-25,163.0500030517578,164.5,161.66000366210938,164.02000427246094,164.5,161.6699981689453,163.16000366210938,164.02000427246094
wipro,2026-09-28,164.02000427246094,164.4499969482422,160.97000122070312,161.55999755859375,164.3699951171875,161.0,164.1699981689453,161.55999755859375
wipro,2026-09-29,161.0,162.42999267578125,156.7899932861328,156.7899932861328,162.4199981689453,156.7899932861328,161.0,156.7899932861328
wipro,2026-09-30,157.00999450683594,161.72999572753906,157.00999450683594,158.5,161.6999969482422,157.1300048828125,157.5,158.5
wipro,2026-10-01,158.61000061035156,160.9499969482422,157.25,159.35000610351562,160.92999267578125,157.27000427246094,158.89999389648438,159.35000610351562
